Record Length,2.500000e+03,,   0.005580000000,  -0.16000,
Sample Interval,2.000000e-06,,   0.005582000000,  -0.16000,
Trigger Point,-2.790000000000e+03,,   0.005584000000,  -0.16000,
,,,   0.005586000000,  -0.16000,
,,,   0.005588000000,  -0.16000,
,,,   0.005590000000,  -0.16000,
Source,CH1,,   0.005592000000,  -0.08000,
Vertical Units,V,,   0.005594000000,  -0.16000,
Vertical Scale,2.000000e+00,,   0.005596000000,  -0.08000,
Vertical Offset,-2.800000e+00,,   0.005598000000,  -0.08000,
Horizontal Units,s,,   0.005600000000,  -0.16000,
Horizontal Scale,5.000000e-04,,   0.005602000000,  -0.08000,
Pt Fmt,Y,,   0.005604000000,  -0.16000,
Yzero,0.000000e+00,,   0.005606000000,  -0.16000,
Probe Atten,1.000000e+00,,   0.005608000000,  -0.16000,
Model Number,TDS1012C-EDU,,   0.005610000000,  -0.08000,
Serial Number,C012218,,   0.005612000000,  -0.16000,
Firmware Version,FV:v25.07,,   0.005614000000,  -0.16000,
,,,0.005616000000,  -0.16000,
,,,0.005618000000,  -0.16000,
,,,0.005620000000,  -0.16000,
,,,0.005622000000,  -0.16000,
,,,0.005624000000,  -0.16000,
,,,0.005626000000,  -0.16000,
,,,0.005628000000,  -0.08000,
,,,0.005630000000,  -0.16000,
,,,0.005632000000,  -0.16000,
,,,0.005634000000,  -0.16000,
,,,0.005636000000,  -0.16000,
,,,0.005638000000,  -0.16000,
,,,0.005640000000,  -0.08000,
,,,0.005642000000,  -0.08000,
,,,0.005644000000,  -0.08000,
,,,0.005646000000,  -0.16000,
,,,0.005648000000,  -0.16000,
,,,0.005650000000,  -0.08000,
,,,0.005652000000,  -0.16000,
,,,0.005654000000,  -0.16000,
,,,0.005656000000,  -0.16000,
,,,0.005658000000,  -0.16000,
,,,0.005660000000,  -0.16000,
,,,0.005662000000,  -0.08000,
,,,0.005664000000,  -0.16000,
,,,0.005666000000,  -0.16000,
,,,0.005668000000,  -0.16000,
,,,0.005670000000,  -0.16000,
,,,0.005672000000,  -0.16000,
,,,0.005674000000,  -0.16000,
,,,0.005676000000,  -0.08000,
,,,0.005678000000,  -0.08000,
,,,0.005680000000,  -0.16000,
,,,0.005682000000,  -0.08000,
,,,0.005684000000,  -0.16000,
,,,0.005686000000,  -0.16000,
,,,0.005688000000,  -0.16000,
,,,0.005690000000,  -0.16000,
,,,0.005692000000,  -0.16000,
,,,0.005694000000,  -0.16000,
,,,0.005696000000,  -0.08000,
,,,0.005698000000,  -0.08000,
,,,0.005700000000,  -0.16000,
,,,0.005702000000,  -0.16000,
,,,0.005704000000,  -0.16000,
,,,0.005706000000,  -0.16000,
,,,0.005708000000,  -0.16000,
,,,0.005710000000,  -0.16000,
,,,0.005712000000,  -0.16000,
,,,0.005714000000,  -0.16000,
,,,0.005716000000,  -0.08000,
,,,0.005718000000,  -0.08000,
,,,0.005720000000,  -0.08000,
,,,0.005722000000,  -0.16000,
,,,0.005724000000,  -0.16000,
,,,0.005726000000,  -0.16000,
,,,0.005728000000,  -0.16000,
,,,0.005730000000,  -0.16000,
,,,0.005732000000,  -0.16000,
,,,0.005734000000,  -0.08000,
,,,0.005736000000,  -0.16000,
,,,0.005738000000,  -0.08000,
,,,0.005740000000,  -0.16000,
,,,0.005742000000,  -0.16000,
,,,0.005744000000,  -0.16000,
,,,0.005746000000,  -0.16000,
,,,0.005748000000,  -0.16000,
,,,0.005750000000,  -0.08000,
,,,0.005752000000,  -0.16000,
,,,0.005754000000,  -0.16000,
,,,0.005756000000,  -0.08000,
,,,0.005758000000,  -0.16000,
,,,0.005760000000,  -0.16000,
,,,0.005762000000,  -0.16000,
,,,0.005764000000,  -0.16000,
,,,0.005766000000,  -0.16000,
,,,0.005768000000,  -0.16000,
,,,0.005770000000,  -0.16000,
,,,0.005772000000,  -0.08000,
,,,0.005774000000,  -0.08000,
,,,0.005776000000,  -0.16000,
,,,0.005778000000,  -0.16000,
,,,0.005780000000,  -0.16000,
,,,0.005782000000,  -0.16000,
,,,0.005784000000,  -0.16000,
,,,0.005786000000,  -0.16000,
,,,0.005788000000,  -0.16000,
,,,0.005790000000,  -0.16000,
,,,0.005792000000,  -0.16000,
,,,0.005794000000,  -0.16000,
,,,0.005796000000,  -0.16000,
,,,0.005798000000,  -0.16000,
,,,0.005800000000,  -0.16000,
,,,0.005802000000,  -0.16000,
,,,0.005804000000,  -0.16000,
,,,0.005806000000,  -0.16000,
,,,0.005808000000,  -0.16000,
,,,0.005810000000,  -0.16000,
,,,0.005812000000,  -0.16000,
,,,0.005814000000,  -0.16000,
,,,0.005816000000,  -0.16000,
,,,0.005818000000,  -0.16000,
,,,0.005820000000,  -0.16000,
,,,0.005822000000,  -0.08000,
,,,0.005824000000,  -0.16000,
,,,0.005826000000,  -0.08000,
,,,0.005828000000,  -0.08000,
,,,0.005830000000,  -0.16000,
,,,0.005832000000,  -0.08000,
,,,0.005834000000,  -0.16000,
,,,0.005836000000,  -0.08000,
,,,0.005838000000,  -0.16000,
,,,0.005840000000,  -0.16000,
,,,0.005842000000,  -0.08000,
,,,0.005844000000,  -0.16000,
,,,0.005846000000,  -0.16000,
,,,0.005848000000,  -0.16000,
,,,0.005850000000,  -0.16000,
,,,0.005852000000,  -0.08000,
,,,0.005854000000,  -0.16000,
,,,0.005856000000,  -0.16000,
,,,0.005858000000,  -0.16000,
,,,0.005860000000,  -0.16000,
,,,0.005862000000,  -0.16000,
,,,0.005864000000,  -0.08000,
,,,0.005866000000,  -0.16000,
,,,0.005868000000,  -0.08000,
,,,0.005870000000,  -0.16000,
,,,0.005872000000,  -0.16000,
,,,0.005874000000,  -0.16000,
,,,0.005876000000,  -0.16000,
,,,0.005878000000,  -0.08000,
,,,0.005880000000,  -0.16000,
,,,0.005882000000,  -0.08000,
,,,0.005884000000,  -0.16000,
,,,0.005886000000,  -0.16000,
,,,0.005888000000,  -0.16000,
,,,0.005890000000,  -0.08000,
,,,0.005892000000,  -0.08000,
,,,0.005894000000,  -0.16000,
,,,0.005896000000,  -0.16000,
,,,0.005898000000,  -0.16000,
,,,0.005900000000,  -0.08000,
,,,0.005902000000,  -0.16000,
,,,0.005904000000,  -0.16000,
,,,0.005906000000,  -0.16000,
,,,0.005908000000,  -0.16000,
,,,0.005910000000,  -0.16000,
,,,0.005912000000,  -0.16000,
,,,0.005914000000,  -0.16000,
,,,0.005916000000,  -0.16000,
,,,0.005918000000,  -0.08000,
,,,0.005920000000,  -0.08000,
,,,0.005922000000,  -0.08000,
,,,0.005924000000,  -0.16000,
,,,0.005926000000,  -0.16000,
,,,0.005928000000,  -0.16000,
,,,0.005930000000,  -0.16000,
,,,0.005932000000,  -0.08000,
,,,0.005934000000,  -0.16000,
,,,0.005936000000,  -0.16000,
,,,0.005938000000,  -0.16000,
,,,0.005940000000,  -0.16000,
,,,0.005942000000,  -0.16000,
,,,0.005944000000,  -0.16000,
,,,0.005946000000,  -0.16000,
,,,0.005948000000,  -0.16000,
,,,0.005950000000,  -0.16000,
,,,0.005952000000,  -0.16000,
,,,0.005954000000,  -0.16000,
,,,0.005956000000,  -0.16000,
,,,0.005958000000,  -0.16000,
,,,0.005960000000,  -0.16000,
,,,0.005962000000,  -0.16000,
,,,0.005964000000,  -0.16000,
,,,0.005966000000,  -0.16000,
,,,0.005968000000,  -0.16000,
,,,0.005970000000,  -0.08000,
,,,0.005972000000,  -0.08000,
,,,0.005974000000,  -0.08000,
,,,0.005976000000,  -0.16000,
,,,0.005978000000,  -0.16000,
,,,0.005980000000,  -0.16000,
,,,0.005982000000,  -0.16000,
,,,0.005984000000,  -0.08000,
,,,0.005986000000,  -0.16000,
,,,0.005988000000,  -0.16000,
,,,0.005990000000,  -0.08000,
,,,0.005992000000,  -0.08000,
,,,0.005994000000,  -0.16000,
,,,0.005996000000,  -0.16000,
,,,0.005998000000,  -0.08000,
,,,0.006000000000,  -0.16000,
,,,0.006002000000,  -0.16000,
,,,0.006004000000,  -0.16000,
,,,0.006006000000,  -0.16000,
,,,0.006008000000,  -0.08000,
,,,0.006010000000,  -0.16000,
,,,0.006012000000,  -0.16000,
,,,0.006014000000,  -0.16000,
,,,0.006016000000,  -0.16000,
,,,0.006018000000,  -0.16000,
,,,0.006020000000,  -0.16000,
,,,0.006022000000,  -0.16000,
,,,0.006024000000,  -0.16000,
,,,0.006026000000,  -0.16000,
,,,0.006028000000,  -0.16000,
,,,0.006030000000,  -0.08000,
,,,0.006032000000,  -0.08000,
,,,0.006034000000,  -0.16000,
,,,0.006036000000,  -0.16000,
,,,0.006038000000,  -0.16000,
,,,0.006040000000,  -0.08000,
,,,0.006042000000,  -0.16000,
,,,0.006044000000,  -0.16000,
,,,0.006046000000,  -0.16000,
,,,0.006048000000,  -0.08000,
,,,0.006050000000,  -0.16000,
,,,0.006052000000,  -0.16000,
,,,0.006054000000,  -0.16000,
,,,0.006056000000,  -0.16000,
,,,0.006058000000,  -0.16000,
,,,0.006060000000,  -0.08000,
,,,0.006062000000,  -0.16000,
,,,0.006064000000,  -0.16000,
,,,0.006066000000,  -0.16000,
,,,0.006068000000,  -0.16000,
,,,0.006070000000,  -0.16000,
,,,0.006072000000,  -0.16000,
,,,0.006074000000,  -0.16000,
,,,0.006076000000,  -0.08000,
,,,0.006078000000,  -0.16000,
,,,0.006080000000,  -0.16000,
,,,0.006082000000,  -0.08000,
,,,0.006084000000,  -0.16000,
,,,0.006086000000,  -0.16000,
,,,0.006088000000,  -0.16000,
,,,0.006090000000,  -0.16000,
,,,0.006092000000,  -0.16000,
,,,0.006094000000,  -0.16000,
,,,0.006096000000,  -0.16000,
,,,0.006098000000,  -0.16000,
,,,0.006100000000,  -0.08000,
,,,0.006102000000,  -0.16000,
,,,0.006104000000,  -0.16000,
,,,0.006106000000,  -0.16000,
,,,0.006108000000,  -0.16000,
,,,0.006110000000,  -0.16000,
,,,0.006112000000,  -0.08000,
,,,0.006114000000,  -0.08000,
,,,0.006116000000,  -0.16000,
,,,0.006118000000,  -0.16000,
,,,0.006120000000,  -0.16000,
,,,0.006122000000,  -0.16000,
,,,0.006124000000,  -0.16000,
,,,0.006126000000,  -0.08000,
,,,0.006128000000,  -0.16000,
,,,0.006130000000,  -0.16000,
,,,0.006132000000,  -0.08000,
,,,0.006134000000,  -0.08000,
,,,0.006136000000,  -0.16000,
,,,0.006138000000,  -0.16000,
,,,0.006140000000,  -0.16000,
,,,0.006142000000,  -0.16000,
,,,0.006144000000,  -0.16000,
,,,0.006146000000,  -0.16000,
,,,0.006148000000,  -0.08000,
,,,0.006150000000,  -0.08000,
,,,0.006152000000,  -0.08000,
,,,0.006154000000,  -0.16000,
,,,0.006156000000,  -0.16000,
,,,0.006158000000,  -0.08000,
,,,0.006160000000,  -0.16000,
,,,0.006162000000,  -0.16000,
,,,0.006164000000,  -0.16000,
,,,0.006166000000,  -0.16000,
,,,0.006168000000,  -0.08000,
,,,0.006170000000,  -0.08000,
,,,0.006172000000,  -0.08000,
,,,0.006174000000,  -0.16000,
,,,0.006176000000,  -0.16000,
,,,0.006178000000,  -0.08000,
,,,0.006180000000,  -0.16000,
,,,0.006182000000,  -0.16000,
,,,0.006184000000,  -0.08000,
,,,0.006186000000,  -0.16000,
,,,0.006188000000,  -0.16000,
,,,0.006190000000,  -0.16000,
,,,0.006192000000,  -0.16000,
,,,0.006194000000,  -0.08000,
,,,0.006196000000,  -0.08000,
,,,0.006198000000,  -0.16000,
,,,0.006200000000,  -0.16000,
,,,0.006202000000,  -0.16000,
,,,0.006204000000,  -0.16000,
,,,0.006206000000,  -0.16000,
,,,0.006208000000,  -0.08000,
,,,0.006210000000,  -0.08000,
,,,0.006212000000,  -0.16000,
,,,0.006214000000,  -0.16000,
,,,0.006216000000,  -0.16000,
,,,0.006218000000,  -0.08000,
,,,0.006220000000,  -0.16000,
,,,0.006222000000,  -0.16000,
,,,0.006224000000,  -0.16000,
,,,0.006226000000,  -0.08000,
,,,0.006228000000,  -0.16000,
,,,0.006230000000,  -0.16000,
,,,0.006232000000,  -0.16000,
,,,0.006234000000,  -0.16000,
,,,0.006236000000,  -0.16000,
,,,0.006238000000,  -0.16000,
,,,0.006240000000,  -0.16000,
,,,0.006242000000,  -0.08000,
,,,0.006244000000,  -0.08000,
,,,0.006246000000,  -0.08000,
,,,0.006248000000,  -0.16000,
,,,0.006250000000,  -0.16000,
,,,0.006252000000,  -0.16000,
,,,0.006254000000,  -0.16000,
,,,0.006256000000,  -0.16000,
,,,0.006258000000,  -0.16000,
,,,0.006260000000,  -0.16000,
,,,0.006262000000,  -0.08000,
,,,0.006264000000,  -0.16000,
,,,0.006266000000,  -0.08000,
,,,0.006268000000,  -0.08000,
,,,0.006270000000,  -0.08000,
,,,0.006272000000,  -0.16000,
,,,0.006274000000,  -0.08000,
,,,0.006276000000,  -0.16000,
,,,0.006278000000,  -0.16000,
,,,0.006280000000,  -0.16000,
,,,0.006282000000,  -0.16000,
,,,0.006284000000,  -0.16000,
,,,0.006286000000,  -0.16000,
,,,0.006288000000,  -0.16000,
,,,0.006290000000,  -0.16000,
,,,0.006292000000,  -0.16000,
,,,0.006294000000,  -0.16000,
,,,0.006296000000,  -0.16000,
,,,0.006298000000,  -0.08000,
,,,0.006300000000,  -0.08000,
,,,0.006302000000,  -0.16000,
,,,0.006304000000,  -0.08000,
,,,0.006306000000,  -0.16000,
,,,0.006308000000,  -0.16000,
,,,0.006310000000,  -0.08000,
,,,0.006312000000,  -0.16000,
,,,0.006314000000,  -0.08000,
,,,0.006316000000,  -0.08000,
,,,0.006318000000,  -0.16000,
,,,0.006320000000,  -0.16000,
,,,0.006322000000,  -0.16000,
,,,0.006324000000,  -0.16000,
,,,0.006326000000,  -0.16000,
,,,0.006328000000,  -0.08000,
,,,0.006330000000,  -0.16000,
,,,0.006332000000,  -0.16000,
,,,0.006334000000,  -0.16000,
,,,0.006336000000,  -0.08000,
,,,0.006338000000,  -0.16000,
,,,0.006340000000,  -0.16000,
,,,0.006342000000,  -0.08000,
,,,0.006344000000,  -0.16000,
,,,0.006346000000,  -0.16000,
,,,0.006348000000,  -0.16000,
,,,0.006350000000,  -0.08000,
,,,0.006352000000,  -0.08000,
,,,0.006354000000,  -0.16000,
,,,0.006356000000,  -0.16000,
,,,0.006358000000,  -0.16000,
,,,0.006360000000,  -0.16000,
,,,0.006362000000,  -0.08000,
,,,0.006364000000,  -0.08000,
,,,0.006366000000,  -0.16000,
,,,0.006368000000,  -0.08000,
,,,0.006370000000,  -0.16000,
,,,0.006372000000,  -0.16000,
,,,0.006374000000,  -0.08000,
,,,0.006376000000,  -0.16000,
,,,0.006378000000,  -0.16000,
,,,0.006380000000,  -0.16000,
,,,0.006382000000,  -0.08000,
,,,0.006384000000,  -0.08000,
,,,0.006386000000,  -0.16000,
,,,0.006388000000,  -0.16000,
,,,0.006390000000,  -0.08000,
,,,0.006392000000,  -0.16000,
,,,0.006394000000,  -0.16000,
,,,0.006396000000,  -0.16000,
,,,0.006398000000,  -0.16000,
,,,0.006400000000,  -0.16000,
,,,0.006402000000,  -0.16000,
,,,0.006404000000,  -0.16000,
,,,0.006406000000,  -0.16000,
,,,0.006408000000,  -0.16000,
,,,0.006410000000,  -0.16000,
,,,0.006412000000,  -0.16000,
,,,0.006414000000,  -0.16000,
,,,0.006416000000,  -0.16000,
,,,0.006418000000,  -0.08000,
,,,0.006420000000,  -0.08000,
,,,0.006422000000,  -0.16000,
,,,0.006424000000,  -0.16000,
,,,0.006426000000,  -0.08000,
,,,0.006428000000,  -0.08000,
,,,0.006430000000,  -0.16000,
,,,0.006432000000,  -0.16000,
,,,0.006434000000,  -0.16000,
,,,0.006436000000,  -0.16000,
,,,0.006438000000,  -0.08000,
,,,0.006440000000,  -0.16000,
,,,0.006442000000,  -0.16000,
,,,0.006444000000,  -0.08000,
,,,0.006446000000,  -0.16000,
,,,0.006448000000,  -0.16000,
,,,0.006450000000,  -0.08000,
,,,0.006452000000,  -0.16000,
,,,0.006454000000,  -0.16000,
,,,0.006456000000,  -0.16000,
,,,0.006458000000,  -0.16000,
,,,0.006460000000,  -0.16000,
,,,0.006462000000,  -0.16000,
,,,0.006464000000,  -0.16000,
,,,0.006466000000,  -0.16000,
,,,0.006468000000,  -0.16000,
,,,0.006470000000,  -0.16000,
,,,0.006472000000,  -0.08000,
,,,0.006474000000,  -0.08000,
,,,0.006476000000,  -0.16000,
,,,0.006478000000,  -0.08000,
,,,0.006480000000,  -0.08000,
,,,0.006482000000,  -0.16000,
,,,0.006484000000,  -0.16000,
,,,0.006486000000,  -0.16000,
,,,0.006488000000,  -0.16000,
,,,0.006490000000,  -0.16000,
,,,0.006492000000,  -0.16000,
,,,0.006494000000,  -0.16000,
,,,0.006496000000,  -0.08000,
,,,0.006498000000,  -0.16000,
,,,0.006500000000,  -0.16000,
,,,0.006502000000,  -0.16000,
,,,0.006504000000,  -0.08000,
,,,0.006506000000,  -0.16000,
,,,0.006508000000,  -0.16000,
,,,0.006510000000,  -0.08000,
,,,0.006512000000,  -0.16000,
,,,0.006514000000,  -0.08000,
,,,0.006516000000,  -0.08000,
,,,0.006518000000,  -0.16000,
,,,0.006520000000,  -0.16000,
,,,0.006522000000,  -0.16000,
,,,0.006524000000,  -0.08000,
,,,0.006526000000,  -0.08000,
,,,0.006528000000,  -0.16000,
,,,0.006530000000,  -0.16000,
,,,0.006532000000,  -0.16000,
,,,0.006534000000,  -0.16000,
,,,0.006536000000,  -0.16000,
,,,0.006538000000,  -0.08000,
,,,0.006540000000,  -0.16000,
,,,0.006542000000,  -0.16000,
,,,0.006544000000,  -0.08000,
,,,0.006546000000,  -0.16000,
,,,0.006548000000,  -0.16000,
,,,0.006550000000,  -0.16000,
,,,0.006552000000,  -0.16000,
,,,0.006554000000,  -0.16000,
,,,0.006556000000,  -0.16000,
,,,0.006558000000,  -0.16000,
,,,0.006560000000,  -0.16000,
,,,0.006562000000,  -0.16000,
,,,0.006564000000,  -0.16000,
,,,0.006566000000,  -0.08000,
,,,0.006568000000,  -0.08000,
,,,0.006570000000,  -0.16000,
,,,0.006572000000,  -0.16000,
,,,0.006574000000,  -0.08000,
,,,0.006576000000,  -0.08000,
,,,0.006578000000,  -0.16000,
,,,0.006580000000,  -0.16000,
,,,0.006582000000,  -0.08000,
,,,0.006584000000,  -0.16000,
,,,0.006586000000,  -0.16000,
,,,0.006588000000,  -0.16000,
,,,0.006590000000,  -0.16000,
,,,0.006592000000,  -0.16000,
,,,0.006594000000,  -0.08000,
,,,0.006596000000,  -0.16000,
,,,0.006598000000,  -0.16000,
,,,0.006600000000,  -0.16000,
,,,0.006602000000,  -0.16000,
,,,0.006604000000,  -0.16000,
,,,0.006606000000,  -0.16000,
,,,0.006608000000,  -0.16000,
,,,0.006610000000,  -0.16000,
,,,0.006612000000,  -0.16000,
,,,0.006614000000,  -0.16000,
,,,0.006616000000,  -0.16000,
,,,0.006618000000,  -0.08000,
,,,0.006620000000,  -0.16000,
,,,0.006622000000,  -0.16000,
,,,0.006624000000,  -0.08000,
,,,0.006626000000,  -0.08000,
,,,0.006628000000,  -0.16000,
,,,0.006630000000,  -0.08000,
,,,0.006632000000,  -0.16000,
,,,0.006634000000,  -0.16000,
,,,0.006636000000,  -0.16000,
,,,0.006638000000,  -0.16000,
,,,0.006640000000,  -0.16000,
,,,0.006642000000,  -0.08000,
,,,0.006644000000,  -0.16000,
,,,0.006646000000,  -0.16000,
,,,0.006648000000,  -0.16000,
,,,0.006650000000,  -0.16000,
,,,0.006652000000,  -0.08000,
,,,0.006654000000,  -0.08000,
,,,0.006656000000,  -0.16000,
,,,0.006658000000,  -0.16000,
,,,0.006660000000,  -0.16000,
,,,0.006662000000,  -0.08000,
,,,0.006664000000,  -0.16000,
,,,0.006666000000,  -0.08000,
,,,0.006668000000,  -0.16000,
,,,0.006670000000,  -0.08000,
,,,0.006672000000,  -0.16000,
,,,0.006674000000,  -0.16000,
,,,0.006676000000,  -0.16000,
,,,0.006678000000,  -0.16000,
,,,0.006680000000,  -0.08000,
,,,0.006682000000,  -0.16000,
,,,0.006684000000,  -0.08000,
,,,0.006686000000,  -0.16000,
,,,0.006688000000,  -0.16000,
,,,0.006690000000,  -0.16000,
,,,0.006692000000,  -0.16000,
,,,0.006694000000,  -0.08000,
,,,0.006696000000,  -0.16000,
,,,0.006698000000,  -0.16000,
,,,0.006700000000,  -0.16000,
,,,0.006702000000,  -0.16000,
,,,0.006704000000,  -0.16000,
,,,0.006706000000,  -0.16000,
,,,0.006708000000,  -0.08000,
,,,0.006710000000,  -0.16000,
,,,0.006712000000,  -0.16000,
,,,0.006714000000,  -0.16000,
,,,0.006716000000,  -0.16000,
,,,0.006718000000,  -0.16000,
,,,0.006720000000,  -0.08000,
,,,0.006722000000,  -0.16000,
,,,0.006724000000,  -0.16000,
,,,0.006726000000,  -0.08000,
,,,0.006728000000,  -0.16000,
,,,0.006730000000,  -0.16000,
,,,0.006732000000,  -0.16000,
,,,0.006734000000,  -0.16000,
,,,0.006736000000,  -0.16000,
,,,0.006738000000,  -0.16000,
,,,0.006740000000,  -0.16000,
,,,0.006742000000,  -0.16000,
,,,0.006744000000,  -0.16000,
,,,0.006746000000,  -0.16000,
,,,0.006748000000,  -0.08000,
,,,0.006750000000,  -0.16000,
,,,0.006752000000,  -0.16000,
,,,0.006754000000,  -0.16000,
,,,0.006756000000,  -0.16000,
,,,0.006758000000,  -0.16000,
,,,0.006760000000,  -0.08000,
,,,0.006762000000,  -0.16000,
,,,0.006764000000,  -0.16000,
,,,0.006766000000,  -0.16000,
,,,0.006768000000,  -0.16000,
,,,0.006770000000,  -0.08000,
,,,0.006772000000,  -0.16000,
,,,0.006774000000,  -0.08000,
,,,0.006776000000,  -0.16000,
,,,0.006778000000,  -0.16000,
,,,0.006780000000,  -0.16000,
,,,0.006782000000,  -0.16000,
,,,0.006784000000,  -0.16000,
,,,0.006786000000,  -0.16000,
,,,0.006788000000,  -0.16000,
,,,0.006790000000,  -0.16000,
,,,0.006792000000,  -0.16000,
,,,0.006794000000,  -0.16000,
,,,0.006796000000,  -0.16000,
,,,0.006798000000,  -0.16000,
,,,0.006800000000,  -0.16000,
,,,0.006802000000,  -0.08000,
,,,0.006804000000,  -0.08000,
,,,0.006806000000,  -0.16000,
,,,0.006808000000,  -0.16000,
,,,0.006810000000,  -0.16000,
,,,0.006812000000,  -0.16000,
,,,0.006814000000,  -0.16000,
,,,0.006816000000,  -0.08000,
,,,0.006818000000,  -0.16000,
,,,0.006820000000,  -0.16000,
,,,0.006822000000,  -0.08000,
,,,0.006824000000,  -0.08000,
,,,0.006826000000,  -0.08000,
,,,0.006828000000,  -0.16000,
,,,0.006830000000,  -0.16000,
,,,0.006832000000,  -0.16000,
,,,0.006834000000,  -0.16000,
,,,0.006836000000,  -0.16000,
,,,0.006838000000,  -0.16000,
,,,0.006840000000,  -0.16000,
,,,0.006842000000,  -0.08000,
,,,0.006844000000,  -0.16000,
,,,0.006846000000,  -0.08000,
,,,0.006848000000,  -0.16000,
,,,0.006850000000,  -0.16000,
,,,0.006852000000,  -0.16000,
,,,0.006854000000,  -0.16000,
,,,0.006856000000,  -0.08000,
,,,0.006858000000,  -0.08000,
,,,0.006860000000,  -0.16000,
,,,0.006862000000,  -0.16000,
,,,0.006864000000,  -0.16000,
,,,0.006866000000,  -0.16000,
,,,0.006868000000,  -0.16000,
,,,0.006870000000,  -0.16000,
,,,0.006872000000,  -0.08000,
,,,0.006874000000,  -0.16000,
,,,0.006876000000,  -0.16000,
,,,0.006878000000,  -0.16000,
,,,0.006880000000,  -0.16000,
,,,0.006882000000,  -0.16000,
,,,0.006884000000,  -0.16000,
,,,0.006886000000,  -0.16000,
,,,0.006888000000,  -0.16000,
,,,0.006890000000,  -0.16000,
,,,0.006892000000,  -0.16000,
,,,0.006894000000,  -0.16000,
,,,0.006896000000,  -0.16000,
,,,0.006898000000,  -0.16000,
,,,0.006900000000,  -0.16000,
,,,0.006902000000,  -0.16000,
,,,0.006904000000,  -0.16000,
,,,0.006906000000,  -0.16000,
,,,0.006908000000,  -0.08000,
,,,0.006910000000,  -0.08000,
,,,0.006912000000,  -0.16000,
,,,0.006914000000,  -0.08000,
,,,0.006916000000,  -0.16000,
,,,0.006918000000,  -0.16000,
,,,0.006920000000,  -0.08000,
,,,0.006922000000,  -0.16000,
,,,0.006924000000,  -0.08000,
,,,0.006926000000,  -0.16000,
,,,0.006928000000,  -0.16000,
,,,0.006930000000,  -0.16000,
,,,0.006932000000,  -0.16000,
,,,0.006934000000,  -0.16000,
,,,0.006936000000,  -0.16000,
,,,0.006938000000,  -0.16000,
,,,0.006940000000,  -0.16000,
,,,0.006942000000,  -0.16000,
,,,0.006944000000,  -0.16000,
,,,0.006946000000,  -0.16000,
,,,0.006948000000,  -0.16000,
,,,0.006950000000,  -0.16000,
,,,0.006952000000,  -0.08000,
,,,0.006954000000,  -0.16000,
,,,0.006956000000,  -0.16000,
,,,0.006958000000,  -0.16000,
,,,0.006960000000,  -0.08000,
,,,0.006962000000,  -0.16000,
,,,0.006964000000,  -0.16000,
,,,0.006966000000,  -0.16000,
,,,0.006968000000,  -0.08000,
,,,0.006970000000,  -0.16000,
,,,0.006972000000,  -0.08000,
,,,0.006974000000,  -0.16000,
,,,0.006976000000,  -0.16000,
,,,0.006978000000,  -0.16000,
,,,0.006980000000,  -0.16000,
,,,0.006982000000,  -0.08000,
,,,0.006984000000,  -0.16000,
,,,0.006986000000,  -0.16000,
,,,0.006988000000,  -0.16000,
,,,0.006990000000,  -0.08000,
,,,0.006992000000,  -0.16000,
,,,0.006994000000,  -0.16000,
,,,0.006996000000,  -0.16000,
,,,0.006998000000,  -0.16000,
,,,0.007000000000,  -0.16000,
,,,0.007002000000,  -0.08000,
,,,0.007004000000,  -0.16000,
,,,0.007006000000,  -0.08000,
,,,0.007008000000,  -0.16000,
,,,0.007010000000,  -0.16000,
,,,0.007012000000,  -0.16000,
,,,0.007014000000,  -0.16000,
,,,0.007016000000,  -0.08000,
,,,0.007018000000,  -0.16000,
,,,0.007020000000,  -0.16000,
,,,0.007022000000,  -0.16000,
,,,0.007024000000,  -0.16000,
,,,0.007026000000,  -0.08000,
,,,0.007028000000,  -0.16000,
,,,0.007030000000,  -0.16000,
,,,0.007032000000,  -0.16000,
,,,0.007034000000,  -0.16000,
,,,0.007036000000,  -0.16000,
,,,0.007038000000,  -0.08000,
,,,0.007040000000,  -0.08000,
,,,0.007042000000,  -0.16000,
,,,0.007044000000,  -0.16000,
,,,0.007046000000,  -0.16000,
,,,0.007048000000,  -0.16000,
,,,0.007050000000,  -0.16000,
,,,0.007052000000,  -0.08000,
,,,0.007054000000,  -0.16000,
,,,0.007056000000,  -0.16000,
,,,0.007058000000,  -0.16000,
,,,0.007060000000,  -0.16000,
,,,0.007062000000,  -0.16000,
,,,0.007064000000,  -0.16000,
,,,0.007066000000,  -0.16000,
,,,0.007068000000,  -0.16000,
,,,0.007070000000,  -0.16000,
,,,0.007072000000,  -0.08000,
,,,0.007074000000,  -0.16000,
,,,0.007076000000,  -0.16000,
,,,0.007078000000,  -0.08000,
,,,0.007080000000,  -0.08000,
,,,0.007082000000,  -0.16000,
,,,0.007084000000,  -0.08000,
,,,0.007086000000,  -0.16000,
,,,0.007088000000,  -0.08000,
,,,0.007090000000,  -0.16000,
,,,0.007092000000,  -0.16000,
,,,0.007094000000,  -0.08000,
,,,0.007096000000,  -0.16000,
,,,0.007098000000,  -0.16000,
,,,0.007100000000,  -0.16000,
,,,0.007102000000,  -0.16000,
,,,0.007104000000,  -0.08000,
,,,0.007106000000,  -0.16000,
,,,0.007108000000,  -0.16000,
,,,0.007110000000,  -0.16000,
,,,0.007112000000,  -0.16000,
,,,0.007114000000,  -0.08000,
,,,0.007116000000,  -0.16000,
,,,0.007118000000,  -0.16000,
,,,0.007120000000,  -0.08000,
,,,0.007122000000,  -0.16000,
,,,0.007124000000,  -0.16000,
,,,0.007126000000,  -0.16000,
,,,0.007128000000,  -0.16000,
,,,0.007130000000,  -0.08000,
,,,0.007132000000,  -0.08000,
,,,0.007134000000,  -0.16000,
,,,0.007136000000,  -0.16000,
,,,0.007138000000,  -0.16000,
,,,0.007140000000,  -0.16000,
,,,0.007142000000,  -0.08000,
,,,0.007144000000,  -0.08000,
,,,0.007146000000,  -0.16000,
,,,0.007148000000,  -0.16000,
,,,0.007150000000,  -0.16000,
,,,0.007152000000,  -0.08000,
,,,0.007154000000,  -0.16000,
,,,0.007156000000,  -0.16000,
,,,0.007158000000,  -0.16000,
,,,0.007160000000,  -0.16000,
,,,0.007162000000,  -0.24000,
,,,0.007164000000,  -0.16000,
,,,0.007166000000,  -0.08000,
,,,0.007168000000,  -0.16000,
,,,0.007170000000,  -0.16000,
,,,0.007172000000,  -0.16000,
,,,0.007174000000,  -0.16000,
,,,0.007176000000,  -0.16000,
,,,0.007178000000,  -0.16000,
,,,0.007180000000,  -0.16000,
,,,0.007182000000,  -0.16000,
,,,0.007184000000,  -0.16000,
,,,0.007186000000,  -0.16000,
,,,0.007188000000,  -0.16000,
,,,0.007190000000,  -0.16000,
,,,0.007192000000,  -0.08000,
,,,0.007194000000,  -0.16000,
,,,0.007196000000,  -0.08000,
,,,0.007198000000,  -0.08000,
,,,0.007200000000,  -0.08000,
,,,0.007202000000,  -0.16000,
,,,0.007204000000,  -0.08000,
,,,0.007206000000,  -0.16000,
,,,0.007208000000,  -0.16000,
,,,0.007210000000,  -0.16000,
,,,0.007212000000,  -0.08000,
,,,0.007214000000,  -0.16000,
,,,0.007216000000,  -0.16000,
,,,0.007218000000,  -0.16000,
,,,0.007220000000,  -0.16000,
,,,0.007222000000,  -0.08000,
,,,0.007224000000,  -0.16000,
,,,0.007226000000,  -0.16000,
,,,0.007228000000,  -0.16000,
,,,0.007230000000,  -0.16000,
,,,0.007232000000,  -0.16000,
,,,0.007234000000,  -0.08000,
,,,0.007236000000,  -0.16000,
,,,0.007238000000,  -0.16000,
,,,0.007240000000,  -0.08000,
,,,0.007242000000,  -0.16000,
,,,0.007244000000,  -0.16000,
,,,0.007246000000,  -0.16000,
,,,0.007248000000,  -0.16000,
,,,0.007250000000,  -0.08000,
,,,0.007252000000,  -0.16000,
,,,0.007254000000,  -0.08000,
,,,0.007256000000,  -0.16000,
,,,0.007258000000,  -0.16000,
,,,0.007260000000,  -0.16000,
,,,0.007262000000,  -0.16000,
,,,0.007264000000,  -0.16000,
,,,0.007266000000,  -0.16000,
,,,0.007268000000,  -0.08000,
,,,0.007270000000,  -0.16000,
,,,0.007272000000,  -0.16000,
,,,0.007274000000,  -0.08000,
,,,0.007276000000,  -0.16000,
,,,0.007278000000,  -0.16000,
,,,0.007280000000,  -0.16000,
,,,0.007282000000,  -0.16000,
,,,0.007284000000,  -0.16000,
,,,0.007286000000,  -0.16000,
,,,0.007288000000,  -0.16000,
,,,0.007290000000,  -0.16000,
,,,0.007292000000,  -0.16000,
,,,0.007294000000,  -0.16000,
,,,0.007296000000,  -0.08000,
,,,0.007298000000,  -0.08000,
,,,0.007300000000,  -0.08000,
,,,0.007302000000,  -0.16000,
,,,0.007304000000,  -0.16000,
,,,0.007306000000,  -0.08000,
,,,0.007308000000,  -0.08000,
,,,0.007310000000,  -0.16000,
,,,0.007312000000,  -0.08000,
,,,0.007314000000,  -0.16000,
,,,0.007316000000,  -0.08000,
,,,0.007318000000,  -0.08000,
,,,0.007320000000,  -0.16000,
,,,0.007322000000,  -0.16000,
,,,0.007324000000,  -0.16000,
,,,0.007326000000,  -0.08000,
,,,0.007328000000,  -0.08000,
,,,0.007330000000,  -0.16000,
,,,0.007332000000,  -0.16000,
,,,0.007334000000,  -0.16000,
,,,0.007336000000,  -0.16000,
,,,0.007338000000,  -0.16000,
,,,0.007340000000,  -0.16000,
,,,0.007342000000,  -0.16000,
,,,0.007344000000,  -0.08000,
,,,0.007346000000,  -0.08000,
,,,0.007348000000,  -0.08000,
,,,0.007350000000,  -0.08000,
,,,0.007352000000,  -0.16000,
,,,0.007354000000,  -0.16000,
,,,0.007356000000,  -0.16000,
,,,0.007358000000,  -0.08000,
,,,0.007360000000,  -0.08000,
,,,0.007362000000,  -0.08000,
,,,0.007364000000,  -0.08000,
,,,0.007366000000,  -0.08000,
,,,0.007368000000,  -0.16000,
,,,0.007370000000,  -0.08000,
,,,0.007372000000,  -0.08000,
,,,0.007374000000,  -0.16000,
,,,0.007376000000,  -0.16000,
,,,0.007378000000,  -0.16000,
,,,0.007380000000,  -0.16000,
,,,0.007382000000,  -0.08000,
,,,0.007384000000,  -0.08000,
,,,0.007386000000,  -0.08000,
,,,0.007388000000,  -0.16000,
,,,0.007390000000,  -0.16000,
,,,0.007392000000,  -0.16000,
,,,0.007394000000,  -0.16000,
,,,0.007396000000,  -0.16000,
,,,0.007398000000,  -0.16000,
,,,0.007400000000,  -0.08000,
,,,0.007402000000,  -0.08000,
,,,0.007404000000,  -0.16000,
,,,0.007406000000,  -0.08000,
,,,0.007408000000,  -0.16000,
,,,0.007410000000,  -0.16000,
,,,0.007412000000,  -0.16000,
,,,0.007414000000,  -0.16000,
,,,0.007416000000,  -0.16000,
,,,0.007418000000,  -0.16000,
,,,0.007420000000,  -0.16000,
,,,0.007422000000,  -0.08000,
,,,0.007424000000,  -0.16000,
,,,0.007426000000,  -0.16000,
,,,0.007428000000,  -0.16000,
,,,0.007430000000,  -0.16000,
,,,0.007432000000,  -0.16000,
,,,0.007434000000,  -0.16000,
,,,0.007436000000,  -0.08000,
,,,0.007438000000,  -0.16000,
,,,0.007440000000,  -0.16000,
,,,0.007442000000,  -0.08000,
,,,0.007444000000,  -0.16000,
,,,0.007446000000,  -0.08000,
,,,0.007448000000,  -0.08000,
,,,0.007450000000,  -0.16000,
,,,0.007452000000,  -0.16000,
,,,0.007454000000,  -0.16000,
,,,0.007456000000,  -0.08000,
,,,0.007458000000,  -0.16000,
,,,0.007460000000,  -0.08000,
,,,0.007462000000,  -0.16000,
,,,0.007464000000,  -0.08000,
,,,0.007466000000,  -0.16000,
,,,0.007468000000,  -0.08000,
,,,0.007470000000,  -0.16000,
,,,0.007472000000,  -0.16000,
,,,0.007474000000,  -0.16000,
,,,0.007476000000,  -0.16000,
,,,0.007478000000,  -0.08000,
,,,0.007480000000,  -0.16000,
,,,0.007482000000,  -0.16000,
,,,0.007484000000,  -0.16000,
,,,0.007486000000,  -0.16000,
,,,0.007488000000,  -0.08000,
,,,0.007490000000,  -0.08000,
,,,0.007492000000,  -0.16000,
,,,0.007494000000,  -0.16000,
,,,0.007496000000,  -0.16000,
,,,0.007498000000,  -0.16000,
,,,0.007500000000,  -0.16000,
,,,0.007502000000,  -0.16000,
,,,0.007504000000,  -0.16000,
,,,0.007506000000,  -0.16000,
,,,0.007508000000,  -0.16000,
,,,0.007510000000,  -0.08000,
,,,0.007512000000,  -0.16000,
,,,0.007514000000,  -0.16000,
,,,0.007516000000,  -0.16000,
,,,0.007518000000,  -0.08000,
,,,0.007520000000,  -0.16000,
,,,0.007522000000,  -0.16000,
,,,0.007524000000,  -0.16000,
,,,0.007526000000,  -0.16000,
,,,0.007528000000,  -0.16000,
,,,0.007530000000,  -0.16000,
,,,0.007532000000,  -0.16000,
,,,0.007534000000,  -0.16000,
,,,0.007536000000,  -0.08000,
,,,0.007538000000,  -0.16000,
,,,0.007540000000,  -0.16000,
,,,0.007542000000,  -0.16000,
,,,0.007544000000,  -0.16000,
,,,0.007546000000,  -0.16000,
,,,0.007548000000,  -0.16000,
,,,0.007550000000,  -0.16000,
,,,0.007552000000,  -0.16000,
,,,0.007554000000,  -0.08000,
,,,0.007556000000,  -0.16000,
,,,0.007558000000,  -0.08000,
,,,0.007560000000,  -0.16000,
,,,0.007562000000,  -0.16000,
,,,0.007564000000,  -0.08000,
,,,0.007566000000,  -0.08000,
,,,0.007568000000,  -0.16000,
,,,0.007570000000,  -0.16000,
,,,0.007572000000,  -0.16000,
,,,0.007574000000,  -0.16000,
,,,0.007576000000,  -0.16000,
,,,0.007578000000,  -0.16000,
,,,0.007580000000,  -0.16000,
,,,0.007582000000,  -0.16000,
,,,0.007584000000,  -0.16000,
,,,0.007586000000,  -0.16000,
,,,0.007588000000,  -0.16000,
,,,0.007590000000,  -0.16000,
,,,0.007592000000,  -0.16000,
,,,0.007594000000,  -0.16000,
,,,0.007596000000,  -0.16000,
,,,0.007598000000,  -0.16000,
,,,0.007600000000,  -0.16000,
,,,0.007602000000,  -0.16000,
,,,0.007604000000,  -0.16000,
,,,0.007606000000,  -0.16000,
,,,0.007608000000,  -0.16000,
,,,0.007610000000,  -0.16000,
,,,0.007612000000,  -0.16000,
,,,0.007614000000,  -0.16000,
,,,0.007616000000,  -0.16000,
,,,0.007618000000,  -0.16000,
,,,0.007620000000,  -0.16000,
,,,0.007622000000,  -0.08000,
,,,0.007624000000,  -0.16000,
,,,0.007626000000,  -0.16000,
,,,0.007628000000,  -0.16000,
,,,0.007630000000,  -0.16000,
,,,0.007632000000,  -0.16000,
,,,0.007634000000,  -0.16000,
,,,0.007636000000,  -0.16000,
,,,0.007638000000,  -0.16000,
,,,0.007640000000,  -0.16000,
,,,0.007642000000,  -0.16000,
,,,0.007644000000,  -0.16000,
,,,0.007646000000,  -0.16000,
,,,0.007648000000,  -0.16000,
,,,0.007650000000,  -0.08000,
,,,0.007652000000,  -0.16000,
,,,0.007654000000,  -0.08000,
,,,0.007656000000,  -0.16000,
,,,0.007658000000,  -0.16000,
,,,0.007660000000,  -0.08000,
,,,0.007662000000,  -0.16000,
,,,0.007664000000,  -0.08000,
,,,0.007666000000,  -0.16000,
,,,0.007668000000,  -0.16000,
,,,0.007670000000,  -0.16000,
,,,0.007672000000,  -0.08000,
,,,0.007674000000,  -0.08000,
,,,0.007676000000,  -0.16000,
,,,0.007678000000,  -0.16000,
,,,0.007680000000,  -0.16000,
,,,0.007682000000,  -0.16000,
,,,0.007684000000,  -0.16000,
,,,0.007686000000,  -0.16000,
,,,0.007688000000,  -0.16000,
,,,0.007690000000,  -0.16000,
,,,0.007692000000,  -0.16000,
,,,0.007694000000,  -0.16000,
,,,0.007696000000,  -0.16000,
,,,0.007698000000,  -0.16000,
,,,0.007700000000,  -0.16000,
,,,0.007702000000,  -0.16000,
,,,0.007704000000,  -0.16000,
,,,0.007706000000,  -0.16000,
,,,0.007708000000,  -0.16000,
,,,0.007710000000,  -0.08000,
,,,0.007712000000,  -0.08000,
,,,0.007714000000,  -0.08000,
,,,0.007716000000,  -0.08000,
,,,0.007718000000,  -0.16000,
,,,0.007720000000,  -0.16000,
,,,0.007722000000,  -0.16000,
,,,0.007724000000,  -0.16000,
,,,0.007726000000,  -0.08000,
,,,0.007728000000,  -0.08000,
,,,0.007730000000,  -0.16000,
,,,0.007732000000,  -0.08000,
,,,0.007734000000,  -0.16000,
,,,0.007736000000,  -0.08000,
,,,0.007738000000,  -0.16000,
,,,0.007740000000,  -0.16000,
,,,0.007742000000,  -0.16000,
,,,0.007744000000,  -0.16000,
,,,0.007746000000,  -0.08000,
,,,0.007748000000,  -0.16000,
,,,0.007750000000,  -0.16000,
,,,0.007752000000,  -0.16000,
,,,0.007754000000,  -0.08000,
,,,0.007756000000,  -0.16000,
,,,0.007758000000,  -0.16000,
,,,0.007760000000,  -0.16000,
,,,0.007762000000,  -0.16000,
,,,0.007764000000,  -0.16000,
,,,0.007766000000,  -0.08000,
,,,0.007768000000,  -0.16000,
,,,0.007770000000,  -0.16000,
,,,0.007772000000,  -0.16000,
,,,0.007774000000,  -0.16000,
,,,0.007776000000,  -0.16000,
,,,0.007778000000,  -0.16000,
,,,0.007780000000,  -0.16000,
,,,0.007782000000,  -0.16000,
,,,0.007784000000,  -0.16000,
,,,0.007786000000,  -0.16000,
,,,0.007788000000,  -0.16000,
,,,0.007790000000,  -0.08000,
,,,0.007792000000,  -0.08000,
,,,0.007794000000,  -0.16000,
,,,0.007796000000,  -0.16000,
,,,0.007798000000,  -0.08000,
,,,0.007800000000,  -0.16000,
,,,0.007802000000,  -0.08000,
,,,0.007804000000,  -0.08000,
,,,0.007806000000,  -0.16000,
,,,0.007808000000,  -0.16000,
,,,0.007810000000,  -0.16000,
,,,0.007812000000,  -0.16000,
,,,0.007814000000,  -0.16000,
,,,0.007816000000,  -0.16000,
,,,0.007818000000,  -0.16000,
,,,0.007820000000,  -0.16000,
,,,0.007822000000,  -0.16000,
,,,0.007824000000,  -0.16000,
,,,0.007826000000,  -0.16000,
,,,0.007828000000,  -0.16000,
,,,0.007830000000,  -0.16000,
,,,0.007832000000,  -0.08000,
,,,0.007834000000,  -0.08000,
,,,0.007836000000,  -0.16000,
,,,0.007838000000,  -0.16000,
,,,0.007840000000,  -0.08000,
,,,0.007842000000,  -0.08000,
,,,0.007844000000,  -0.08000,
,,,0.007846000000,  -0.16000,
,,,0.007848000000,  -0.16000,
,,,0.007850000000,  -0.08000,
,,,0.007852000000,  -0.16000,
,,,0.007854000000,  -0.08000,
,,,0.007856000000,  -0.16000,
,,,0.007858000000,  -0.16000,
,,,0.007860000000,  -0.16000,
,,,0.007862000000,  -0.16000,
,,,0.007864000000,  -0.16000,
,,,0.007866000000,  -0.16000,
,,,0.007868000000,  -0.08000,
,,,0.007870000000,  -0.16000,
,,,0.007872000000,  -0.16000,
,,,0.007874000000,  -0.16000,
,,,0.007876000000,  -0.08000,
,,,0.007878000000,  -0.16000,
,,,0.007880000000,  -0.08000,
,,,0.007882000000,  -0.08000,
,,,0.007884000000,  -0.16000,
,,,0.007886000000,  -0.16000,
,,,0.007888000000,  -0.08000,
,,,0.007890000000,  -0.16000,
,,,0.007892000000,  -0.16000,
,,,0.007894000000,  -0.08000,
,,,0.007896000000,  -0.16000,
,,,0.007898000000,  -0.08000,
,,,0.007900000000,  -0.16000,
,,,0.007902000000,  -0.16000,
,,,0.007904000000,  -0.16000,
,,,0.007906000000,  -0.16000,
,,,0.007908000000,  -0.16000,
,,,0.007910000000,  -0.16000,
,,,0.007912000000,  -0.16000,
,,,0.007914000000,  -0.16000,
,,,0.007916000000,  -0.16000,
,,,0.007918000000,  -0.08000,
,,,0.007920000000,  -0.08000,
,,,0.007922000000,  -0.08000,
,,,0.007924000000,  -0.16000,
,,,0.007926000000,  -0.08000,
,,,0.007928000000,  -0.16000,
,,,0.007930000000,  -0.08000,
,,,0.007932000000,  -0.16000,
,,,0.007934000000,  -0.08000,
,,,0.007936000000,  -0.16000,
,,,0.007938000000,  -0.16000,
,,,0.007940000000,  -0.16000,
,,,0.007942000000,  -0.16000,
,,,0.007944000000,  -0.16000,
,,,0.007946000000,  -0.16000,
,,,0.007948000000,  -0.08000,
,,,0.007950000000,  -0.16000,
,,,0.007952000000,  -0.16000,
,,,0.007954000000,  -0.08000,
,,,0.007956000000,  -0.16000,
,,,0.007958000000,  -0.16000,
,,,0.007960000000,  -0.16000,
,,,0.007962000000,  -0.08000,
,,,0.007964000000,  -0.16000,
,,,0.007966000000,  -0.16000,
,,,0.007968000000,  -0.16000,
,,,0.007970000000,  -0.16000,
,,,0.007972000000,  -0.16000,
,,,0.007974000000,  -0.16000,
,,,0.007976000000,  -0.16000,
,,,0.007978000000,  -0.16000,
,,,0.007980000000,  -0.16000,
,,,0.007982000000,  -0.16000,
,,,0.007984000000,  -0.08000,
,,,0.007986000000,  -0.16000,
,,,0.007988000000,  -0.16000,
,,,0.007990000000,  -0.16000,
,,,0.007992000000,  -0.08000,
,,,0.007994000000,  -0.08000,
,,,0.007996000000,  -0.16000,
,,,0.007998000000,  -0.16000,
,,,0.008000000000,  -0.16000,
,,,0.008002000000,  -0.08000,
,,,0.008004000000,  -0.08000,
,,,0.008006000000,  -0.08000,
,,,0.008008000000,  -0.16000,
,,,0.008010000000,  -0.16000,
,,,0.008012000000,  -0.16000,
,,,0.008014000000,  -0.16000,
,,,0.008016000000,  -0.16000,
,,,0.008018000000,  -0.16000,
,,,0.008020000000,  -0.16000,
,,,0.008022000000,  -0.16000,
,,,0.008024000000,  -0.16000,
,,,0.008026000000,  -0.16000,
,,,0.008028000000,  -0.16000,
,,,0.008030000000,  -0.08000,
,,,0.008032000000,  -0.16000,
,,,0.008034000000,  -0.16000,
,,,0.008036000000,  -0.16000,
,,,0.008038000000,  -0.08000,
,,,0.008040000000,  -0.16000,
,,,0.008042000000,  -0.16000,
,,,0.008044000000,  -0.16000,
,,,0.008046000000,  -0.16000,
,,,0.008048000000,  -0.16000,
,,,0.008050000000,  -0.16000,
,,,0.008052000000,  -0.16000,
,,,0.008054000000,  -0.08000,
,,,0.008056000000,  -0.08000,
,,,0.008058000000,  -0.16000,
,,,0.008060000000,  -0.16000,
,,,0.008062000000,  -0.08000,
,,,0.008064000000,  -0.16000,
,,,0.008066000000,  -0.16000,
,,,0.008068000000,  -0.16000,
,,,0.008070000000,  -0.08000,
,,,0.008072000000,  -0.16000,
,,,0.008074000000,  -0.08000,
,,,0.008076000000,  -0.16000,
,,,0.008078000000,  -0.16000,
,,,0.008080000000,  -0.08000,
,,,0.008082000000,  -0.16000,
,,,0.008084000000,  -0.08000,
,,,0.008086000000,   9.44000,
,,,0.008088000000,   9.44000,
,,,0.008090000000,   9.36000,
,,,0.008092000000,   9.36000,
,,,0.008094000000,   9.20000,
,,,0.008096000000,   9.12000,
,,,0.008098000000,   9.04000,
,,,0.008100000000,   8.88000,
,,,0.008102000000,   8.80000,
,,,0.008104000000,   8.80000,
,,,0.008106000000,   8.64000,
,,,0.008108000000,   8.56000,
,,,0.008110000000,   8.48000,
,,,0.008112000000,   8.32000,
,,,0.008114000000,   8.24000,
,,,0.008116000000,   8.16000,
,,,0.008118000000,   8.00000,
,,,0.008120000000,   7.92000,
,,,0.008122000000,   7.84000,
,,,0.008124000000,   7.76000,
,,,0.008126000000,   7.60000,
,,,0.008128000000,   7.52000,
,,,0.008130000000,   7.44000,
,,,0.008132000000,   7.36000,
,,,0.008134000000,   7.20000,
,,,0.008136000000,   7.12000,
,,,0.008138000000,   7.04000,
,,,0.008140000000,   6.88000,
,,,0.008142000000,   6.72000,
,,,0.008144000000,   6.64000,
,,,0.008146000000,   6.56000,
,,,0.008148000000,   6.48000,
,,,0.008150000000,   6.32000,
,,,0.008152000000,   6.24000,
,,,0.008154000000,   6.16000,
,,,0.008156000000,   6.00000,
,,,0.008158000000,   5.92000,
,,,0.008160000000,   5.84000,
,,,0.008162000000,   5.76000,
,,,0.008164000000,   5.68000,
,,,0.008166000000,   5.52000,
,,,0.008168000000,   5.44000,
,,,0.008170000000,   5.36000,
,,,0.008172000000,   5.20000,
,,,0.008174000000,   5.12000,
,,,0.008176000000,   5.04000,
,,,0.008178000000,   4.96000,
,,,0.008180000000,   4.80000,
,,,0.008182000000,   4.72000,
,,,0.008184000000,   4.64000,
,,,0.008186000000,   4.56000,
,,,0.008188000000,   4.40000,
,,,0.008190000000,   4.32000,
,,,0.008192000000,   4.16000,
,,,0.008194000000,   4.16000,
,,,0.008196000000,   4.00000,
,,,0.008198000000,   3.92000,
,,,0.008200000000,   3.84000,
,,,0.008202000000,   3.76000,
,,,0.008204000000,   3.60000,
,,,0.008206000000,   3.60000,
,,,0.008208000000,   3.52000,
,,,0.008210000000,   3.36000,
,,,0.008212000000,   3.28000,
,,,0.008214000000,   3.20000,
,,,0.008216000000,   3.12000,
,,,0.008218000000,   3.04000,
,,,0.008220000000,   2.96000,
,,,0.008222000000,   2.88000,
,,,0.008224000000,   2.72000,
,,,0.008226000000,   2.72000,
,,,0.008228000000,   2.56000,
,,,0.008230000000,   2.48000,
,,,0.008232000000,   2.40000,
,,,0.008234000000,   2.32000,
,,,0.008236000000,   2.32000,
,,,0.008238000000,   2.16000,
,,,0.008240000000,   2.08000,
,,,0.008242000000,   2.00000,
,,,0.008244000000,   1.92000,
,,,0.008246000000,   1.84000,
,,,0.008248000000,   1.76000,
,,,0.008250000000,   1.68000,
,,,0.008252000000,   1.68000,
,,,0.008254000000,   1.60000,
,,,0.008256000000,   1.52000,
,,,0.008258000000,   1.44000,
,,,0.008260000000,   1.28000,
,,,0.008262000000,   1.28000,
,,,0.008264000000,   1.20000,
,,,0.008266000000,   1.12000,
,,,0.008268000000,   1.04000,
,,,0.008270000000,   1.04000,
,,,0.008272000000,   0.96000,
,,,0.008274000000,   0.88000,
,,,0.008276000000,   0.80000,
,,,0.008278000000,   0.72000,
,,,0.008280000000,   0.64000,
,,,0.008282000000,   0.64000,
,,,0.008284000000,   0.56000,
,,,0.008286000000,   0.48000,
,,,0.008288000000,   0.48000,
,,,0.008290000000,   0.40000,
,,,0.008292000000,   0.40000,
,,,0.008294000000,   0.24000,
,,,0.008296000000,   0.16000,
,,,0.008298000000,   0.16000,
,,,0.008300000000,   0.08000,
,,,0.008302000000,   0.08000,
,,,0.008304000000,   0.00000,
,,,0.008306000000,   0.00000,
,,,0.008308000000,  -0.08000,
,,,0.008310000000,  -0.08000,
,,,0.008312000000,  -0.16000,
,,,0.008314000000,  -0.24000,
,,,0.008316000000,  -0.32000,
,,,0.008318000000,  -0.32000,
,,,0.008320000000,  -0.40000,
,,,0.008322000000,  -0.40000,
,,,0.008324000000,  -0.48000,
,,,0.008326000000,  -0.56000,
,,,0.008328000000,  -0.56000,
,,,0.008330000000,  -0.64000,
,,,0.008332000000,  -0.64000,
,,,0.008334000000,  -0.64000,
,,,0.008336000000,  -0.80000,
,,,0.008338000000,  -0.72000,
,,,0.008340000000,  -0.80000,
,,,0.008342000000,  -0.80000,
,,,0.008344000000,  -0.88000,
,,,0.008346000000,  -0.80000,
,,,0.008348000000,  -0.88000,
,,,0.008350000000,  -0.96000,
,,,0.008352000000,  -1.04000,
,,,0.008354000000,  -1.04000,
,,,0.008356000000,  -1.04000,
,,,0.008358000000,  -1.04000,
,,,0.008360000000,  -1.04000,
,,,0.008362000000,  -1.12000,
,,,0.008364000000,  -1.12000,
,,,0.008366000000,  -1.20000,
,,,0.008368000000,  -1.20000,
,,,0.008370000000,  -1.20000,
,,,0.008372000000,  -1.28000,
,,,0.008374000000,  -1.28000,
,,,0.008376000000,  -1.28000,
,,,0.008378000000,  -1.28000,
,,,0.008380000000,  -1.28000,
,,,0.008382000000,  -1.36000,
,,,0.008384000000,  -1.28000,
,,,0.008386000000,  -1.44000,
,,,0.008388000000,  -1.44000,
,,,0.008390000000,  -1.44000,
,,,0.008392000000,  -1.44000,
,,,0.008394000000,  -1.44000,
,,,0.008396000000,  -1.52000,
,,,0.008398000000,  -1.52000,
,,,0.008400000000,  -1.52000,
,,,0.008402000000,  -1.52000,
,,,0.008404000000,  -1.52000,
,,,0.008406000000,  -1.52000,
,,,0.008408000000,  -1.60000,
,,,0.008410000000,  -1.52000,
,,,0.008412000000,  -1.60000,
,,,0.008414000000,  -1.52000,
,,,0.008416000000,  -1.60000,
,,,0.008418000000,  -1.68000,
,,,0.008420000000,  -1.68000,
,,,0.008422000000,  -1.60000,
,,,0.008424000000,  -1.60000,
,,,0.008426000000,  -1.68000,
,,,0.008428000000,  -1.68000,
,,,0.008430000000,  -1.68000,
,,,0.008432000000,  -1.68000,
,,,0.008434000000,  -1.60000,
,,,0.008436000000,  -1.68000,
,,,0.008438000000,  -1.68000,
,,,0.008440000000,  -1.68000,
,,,0.008442000000,  -1.68000,
,,,0.008444000000,  -1.68000,
,,,0.008446000000,  -1.68000,
,,,0.008448000000,  -1.68000,
,,,0.008450000000,  -1.60000,
,,,0.008452000000,  -1.68000,
,,,0.008454000000,  -1.68000,
,,,0.008456000000,  -1.68000,
,,,0.008458000000,  -1.68000,
,,,0.008460000000,  -1.68000,
,,,0.008462000000,  -1.68000,
,,,0.008464000000,  -1.60000,
,,,0.008466000000,  -1.60000,
,,,0.008468000000,  -1.68000,
,,,0.008470000000,  -1.60000,
,,,0.008472000000,  -1.60000,
,,,0.008474000000,  -1.68000,
,,,0.008476000000,  -1.60000,
,,,0.008478000000,  -1.68000,
,,,0.008480000000,  -1.60000,
,,,0.008482000000,  -1.60000,
,,,0.008484000000,  -1.60000,
,,,0.008486000000,  -1.60000,
,,,0.008488000000,  -1.52000,
,,,0.008490000000,  -1.60000,
,,,0.008492000000,  -1.60000,
,,,0.008494000000,  -1.60000,
,,,0.008496000000,  -1.60000,
,,,0.008498000000,  -1.52000,
,,,0.008500000000,  -1.60000,
,,,0.008502000000,  -1.52000,
,,,0.008504000000,  -1.52000,
,,,0.008506000000,  -1.44000,
,,,0.008508000000,  -1.44000,
,,,0.008510000000,  -1.44000,
,,,0.008512000000,  -1.44000,
,,,0.008514000000,  -1.44000,
,,,0.008516000000,  -1.44000,
,,,0.008518000000,  -1.44000,
,,,0.008520000000,  -1.44000,
,,,0.008522000000,  -1.36000,
,,,0.008524000000,  -1.36000,
,,,0.008526000000,  -1.36000,
,,,0.008528000000,  -1.36000,
,,,0.008530000000,  -1.36000,
,,,0.008532000000,  -1.28000,
,,,0.008534000000,  -1.36000,
,,,0.008536000000,  -1.28000,
,,,0.008538000000,  -1.28000,
,,,0.008540000000,  -1.36000,
,,,0.008542000000,  -1.20000,
,,,0.008544000000,  -1.20000,
,,,0.008546000000,  -1.28000,
,,,0.008548000000,  -1.20000,
,,,0.008550000000,  -1.20000,
,,,0.008552000000,  -1.20000,
,,,0.008554000000,  -1.20000,
,,,0.008556000000,  -1.12000,
,,,0.008558000000,  -1.12000,
,,,0.008560000000,  -1.12000,
,,,0.008562000000,  -1.12000,
,,,0.008564000000,  -1.04000,
,,,0.008566000000,  -1.12000,
,,,0.008568000000,  -1.12000,
,,,0.008570000000,  -1.04000,
,,,0.008572000000,  -1.12000,
,,,0.008574000000,  -1.04000,
,,,0.008576000000,  -1.04000,
,,,0.008578000000,  -1.04000,
,,,0.008580000000,  -1.04000,
,,,0.008582000000,  -0.96000,
,,,0.008584000000,  -0.96000,
,,,0.008586000000,  -0.88000,
,,,0.008588000000,  -0.96000,
,,,0.008590000000,  -0.96000,
,,,0.008592000000,  -0.96000,
,,,0.008594000000,  -0.88000,
,,,0.008596000000,  -0.80000,
,,,0.008598000000,  -0.88000,
,,,0.008600000000,  -0.80000,
,,,0.008602000000,  -0.80000,
,,,0.008604000000,  -0.80000,
,,,0.008606000000,  -0.80000,
,,,0.008608000000,  -0.80000,
,,,0.008610000000,  -0.72000,
,,,0.008612000000,  -0.72000,
,,,0.008614000000,  -0.64000,
,,,0.008616000000,  -0.72000,
,,,0.008618000000,  -0.64000,
,,,0.008620000000,  -0.72000,
,,,0.008622000000,  -0.64000,
,,,0.008624000000,  -0.64000,
,,,0.008626000000,  -0.64000,
,,,0.008628000000,  -0.64000,
,,,0.008630000000,  -0.64000,
,,,0.008632000000,  -0.56000,
,,,0.008634000000,  -0.56000,
,,,0.008636000000,  -0.56000,
,,,0.008638000000,  -0.56000,
,,,0.008640000000,  -0.48000,
,,,0.008642000000,  -0.48000,
,,,0.008644000000,  -0.56000,
,,,0.008646000000,  -0.40000,
,,,0.008648000000,  -0.40000,
,,,0.008650000000,  -0.40000,
,,,0.008652000000,  -0.40000,
,,,0.008654000000,  -0.40000,
,,,0.008656000000,  -0.40000,
,,,0.008658000000,  -0.40000,
,,,0.008660000000,  -0.40000,
,,,0.008662000000,  -0.32000,
,,,0.008664000000,  -0.32000,
,,,0.008666000000,  -0.32000,
,,,0.008668000000,  -0.32000,
,,,0.008670000000,  -0.32000,
,,,0.008672000000,  -0.32000,
,,,0.008674000000,  -0.32000,
,,,0.008676000000,  -0.32000,
,,,0.008678000000,  -0.24000,
,,,0.008680000000,  -0.24000,
,,,0.008682000000,  -0.24000,
,,,0.008684000000,  -0.16000,
,,,0.008686000000,  -0.16000,
,,,0.008688000000,  -0.16000,
,,,0.008690000000,  -0.16000,
,,,0.008692000000,  -0.08000,
,,,0.008694000000,  -0.16000,
,,,0.008696000000,  -0.16000,
,,,0.008698000000,  -0.08000,
,,,0.008700000000,  -0.08000,
,,,0.008702000000,   0.00000,
,,,0.008704000000,   0.00000,
,,,0.008706000000,  -0.08000,
,,,0.008708000000,   0.00000,
,,,0.008710000000,  -0.08000,
,,,0.008712000000,  -0.08000,
,,,0.008714000000,   0.00000,
,,,0.008716000000,   0.00000,
,,,0.008718000000,   0.00000,
,,,0.008720000000,   0.00000,
,,,0.008722000000,   0.08000,
,,,0.008724000000,   0.08000,
,,,0.008726000000,   0.08000,
,,,0.008728000000,   0.00000,
,,,0.008730000000,   0.08000,
,,,0.008732000000,   0.08000,
,,,0.008734000000,   0.08000,
,,,0.008736000000,   0.16000,
,,,0.008738000000,   0.16000,
,,,0.008740000000,   0.08000,
,,,0.008742000000,   0.16000,
,,,0.008744000000,   0.16000,
,,,0.008746000000,   0.24000,
,,,0.008748000000,   0.16000,
,,,0.008750000000,   0.16000,
,,,0.008752000000,   0.16000,
,,,0.008754000000,   0.16000,
,,,0.008756000000,   0.24000,
,,,0.008758000000,   0.24000,
,,,0.008760000000,   0.24000,
,,,0.008762000000,   0.24000,
,,,0.008764000000,   0.24000,
,,,0.008766000000,   0.24000,
,,,0.008768000000,   0.24000,
,,,0.008770000000,   0.24000,
,,,0.008772000000,   0.32000,
,,,0.008774000000,   0.32000,
,,,0.008776000000,   0.32000,
,,,0.008778000000,   0.32000,
,,,0.008780000000,   0.32000,
,,,0.008782000000,   0.32000,
,,,0.008784000000,   0.32000,
,,,0.008786000000,   0.32000,
,,,0.008788000000,   0.32000,
,,,0.008790000000,   0.32000,
,,,0.008792000000,   0.32000,
,,,0.008794000000,   0.32000,
,,,0.008796000000,   0.32000,
,,,0.008798000000,   0.32000,
,,,0.008800000000,   0.32000,
,,,0.008802000000,   0.40000,
,,,0.008804000000,   0.32000,
,,,0.008806000000,   0.40000,
,,,0.008808000000,   0.32000,
,,,0.008810000000,   0.40000,
,,,0.008812000000,   0.40000,
,,,0.008814000000,   0.40000,
,,,0.008816000000,   0.40000,
,,,0.008818000000,   0.48000,
,,,0.008820000000,   0.40000,
,,,0.008822000000,   0.40000,
,,,0.008824000000,   0.48000,
,,,0.008826000000,   0.40000,
,,,0.008828000000,   0.40000,
,,,0.008830000000,   0.40000,
,,,0.008832000000,   0.40000,
,,,0.008834000000,   0.48000,
,,,0.008836000000,   0.40000,
,,,0.008838000000,   0.48000,
,,,0.008840000000,   0.40000,
,,,0.008842000000,   0.48000,
,,,0.008844000000,   0.48000,
,,,0.008846000000,   0.40000,
,,,0.008848000000,   0.48000,
,,,0.008850000000,   0.48000,
,,,0.008852000000,   0.48000,
,,,0.008854000000,   0.48000,
,,,0.008856000000,   0.48000,
,,,0.008858000000,   0.48000,
,,,0.008860000000,   0.48000,
,,,0.008862000000,   0.48000,
,,,0.008864000000,   0.48000,
,,,0.008866000000,   0.48000,
,,,0.008868000000,   0.48000,
,,,0.008870000000,   0.48000,
,,,0.008872000000,   0.48000,
,,,0.008874000000,   0.48000,
,,,0.008876000000,   0.40000,
,,,0.008878000000,   0.48000,
,,,0.008880000000,   0.40000,
,,,0.008882000000,   0.48000,
,,,0.008884000000,   0.48000,
,,,0.008886000000,   0.48000,
,,,0.008888000000,   0.48000,
,,,0.008890000000,   0.56000,
,,,0.008892000000,   0.48000,
,,,0.008894000000,   0.56000,
,,,0.008896000000,   0.56000,
,,,0.008898000000,   0.48000,
,,,0.008900000000,   0.56000,
,,,0.008902000000,   0.56000,
,,,0.008904000000,   0.48000,
,,,0.008906000000,   0.56000,
,,,0.008908000000,   0.48000,
,,,0.008910000000,   0.48000,
,,,0.008912000000,   0.48000,
,,,0.008914000000,   0.56000,
,,,0.008916000000,   0.48000,
,,,0.008918000000,   0.56000,
,,,0.008920000000,   0.48000,
,,,0.008922000000,   0.48000,
,,,0.008924000000,   0.48000,
,,,0.008926000000,   0.56000,
,,,0.008928000000,   0.56000,
,,,0.008930000000,   0.48000,
,,,0.008932000000,   0.56000,
,,,0.008934000000,   0.48000,
,,,0.008936000000,   0.48000,
,,,0.008938000000,   0.48000,
,,,0.008940000000,   0.56000,
,,,0.008942000000,   0.48000,
,,,0.008944000000,   0.48000,
,,,0.008946000000,   0.48000,
,,,0.008948000000,   0.56000,
,,,0.008950000000,   0.56000,
,,,0.008952000000,   0.48000,
,,,0.008954000000,   0.48000,
,,,0.008956000000,   0.48000,
,,,0.008958000000,   0.48000,
,,,0.008960000000,   0.48000,
,,,0.008962000000,   0.56000,
,,,0.008964000000,   0.48000,
,,,0.008966000000,   0.48000,
,,,0.008968000000,   0.48000,
,,,0.008970000000,   0.48000,
,,,0.008972000000,   0.48000,
,,,0.008974000000,   0.48000,
,,,0.008976000000,   0.48000,
,,,0.008978000000,   0.48000,
,,,0.008980000000,   0.48000,
,,,0.008982000000,   0.48000,
,,,0.008984000000,   0.48000,
,,,0.008986000000,   0.48000,
,,,0.008988000000,   0.40000,
,,,0.008990000000,   0.40000,
,,,0.008992000000,   0.40000,
,,,0.008994000000,   0.48000,
,,,0.008996000000,   0.48000,
,,,0.008998000000,   0.48000,
,,,0.009000000000,   0.40000,
,,,0.009002000000,   0.48000,
,,,0.009004000000,   0.48000,
,,,0.009006000000,   0.48000,
,,,0.009008000000,   0.40000,
,,,0.009010000000,   0.40000,
,,,0.009012000000,   0.40000,
,,,0.009014000000,   0.48000,
,,,0.009016000000,   0.40000,
,,,0.009018000000,   0.48000,
,,,0.009020000000,   0.48000,
,,,0.009022000000,   0.40000,
,,,0.009024000000,   0.40000,
,,,0.009026000000,   0.40000,
,,,0.009028000000,   0.40000,
,,,0.009030000000,   0.48000,
,,,0.009032000000,   0.48000,
,,,0.009034000000,   0.40000,
,,,0.009036000000,   0.40000,
,,,0.009038000000,   0.48000,
,,,0.009040000000,   0.40000,
,,,0.009042000000,   0.40000,
,,,0.009044000000,   0.32000,
,,,0.009046000000,   0.32000,
,,,0.009048000000,   0.40000,
,,,0.009050000000,   0.40000,
,,,0.009052000000,   0.40000,
,,,0.009054000000,   0.32000,
,,,0.009056000000,   0.40000,
,,,0.009058000000,   0.40000,
,,,0.009060000000,   0.40000,
,,,0.009062000000,   0.40000,
,,,0.009064000000,   0.32000,
,,,0.009066000000,   0.32000,
,,,0.009068000000,   0.40000,
,,,0.009070000000,   0.40000,
,,,0.009072000000,   0.40000,
,,,0.009074000000,   0.40000,
,,,0.009076000000,   0.40000,
,,,0.009078000000,   0.32000,
,,,0.009080000000,   0.32000,
,,,0.009082000000,   0.40000,
,,,0.009084000000,   0.32000,
,,,0.009086000000,   0.40000,
,,,0.009088000000,   0.32000,
,,,0.009090000000,   0.32000,
,,,0.009092000000,   0.32000,
,,,0.009094000000,   0.32000,
,,,0.009096000000,   0.32000,
,,,0.009098000000,   0.32000,
,,,0.009100000000,   0.32000,
,,,0.009102000000,   0.32000,
,,,0.009104000000,   0.32000,
,,,0.009106000000,   0.32000,
,,,0.009108000000,   0.32000,
,,,0.009110000000,   0.32000,
,,,0.009112000000,   0.32000,
,,,0.009114000000,   0.32000,
,,,0.009116000000,   0.32000,
,,,0.009118000000,   0.32000,
,,,0.009120000000,   0.32000,
,,,0.009122000000,   0.32000,
,,,0.009124000000,   0.32000,
,,,0.009126000000,   0.32000,
,,,0.009128000000,   0.24000,
,,,0.009130000000,   0.32000,
,,,0.009132000000,   0.32000,
,,,0.009134000000,   0.24000,
,,,0.009136000000,   0.32000,
,,,0.009138000000,   0.32000,
,,,0.009140000000,   0.24000,
,,,0.009142000000,   0.32000,
,,,0.009144000000,   0.24000,
,,,0.009146000000,   0.32000,
,,,0.009148000000,   0.32000,
,,,0.009150000000,   0.32000,
,,,0.009152000000,   0.24000,
,,,0.009154000000,   0.32000,
,,,0.009156000000,   0.32000,
,,,0.009158000000,   0.24000,
,,,0.009160000000,   0.32000,
,,,0.009162000000,   0.32000,
,,,0.009164000000,   0.32000,
,,,0.009166000000,   0.24000,
,,,0.009168000000,   0.24000,
,,,0.009170000000,   0.24000,
,,,0.009172000000,   0.24000,
,,,0.009174000000,   0.24000,
,,,0.009176000000,   0.32000,
,,,0.009178000000,   0.24000,
,,,0.009180000000,   0.24000,
,,,0.009182000000,   0.24000,
,,,0.009184000000,   0.24000,
,,,0.009186000000,   0.24000,
,,,0.009188000000,   0.24000,
,,,0.009190000000,   0.24000,
,,,0.009192000000,   0.24000,
,,,0.009194000000,   0.24000,
,,,0.009196000000,   0.24000,
,,,0.009198000000,   0.24000,
,,,0.009200000000,   0.24000,
,,,0.009202000000,   0.24000,
,,,0.009204000000,   0.24000,
,,,0.009206000000,   0.24000,
,,,0.009208000000,   0.24000,
,,,0.009210000000,   0.24000,
,,,0.009212000000,   0.24000,
,,,0.009214000000,   0.24000,
,,,0.009216000000,   0.24000,
,,,0.009218000000,   0.24000,
,,,0.009220000000,   0.24000,
,,,0.009222000000,   0.24000,
,,,0.009224000000,   0.24000,
,,,0.009226000000,   0.16000,
,,,0.009228000000,   0.24000,
,,,0.009230000000,   0.32000,
,,,0.009232000000,   0.24000,
,,,0.009234000000,   0.24000,
,,,0.009236000000,   0.24000,
,,,0.009238000000,   0.24000,
,,,0.009240000000,   0.16000,
,,,0.009242000000,   0.24000,
,,,0.009244000000,   0.24000,
,,,0.009246000000,   0.24000,
,,,0.009248000000,   0.24000,
,,,0.009250000000,   0.24000,
,,,0.009252000000,   0.24000,
,,,0.009254000000,   0.24000,
,,,0.009256000000,   0.24000,
,,,0.009258000000,   0.24000,
,,,0.009260000000,   0.24000,
,,,0.009262000000,   0.24000,
,,,0.009264000000,   0.16000,
,,,0.009266000000,   0.16000,
,,,0.009268000000,   0.24000,
,,,0.009270000000,   0.24000,
,,,0.009272000000,   0.24000,
,,,0.009274000000,   0.24000,
,,,0.009276000000,   0.24000,
,,,0.009278000000,   0.24000,
,,,0.009280000000,   0.24000,
,,,0.009282000000,   0.24000,
,,,0.009284000000,   0.24000,
,,,0.009286000000,   0.24000,
,,,0.009288000000,   0.24000,
,,,0.009290000000,   0.16000,
,,,0.009292000000,   0.16000,
,,,0.009294000000,   0.24000,
,,,0.009296000000,   0.16000,
,,,0.009298000000,   0.24000,
,,,0.009300000000,   0.16000,
,,,0.009302000000,   0.24000,
,,,0.009304000000,   0.24000,
,,,0.009306000000,   0.24000,
,,,0.009308000000,   0.24000,
,,,0.009310000000,   0.16000,
,,,0.009312000000,   0.16000,
,,,0.009314000000,   0.16000,
,,,0.009316000000,   0.24000,
,,,0.009318000000,   0.24000,
,,,0.009320000000,   0.24000,
,,,0.009322000000,   0.24000,
,,,0.009324000000,   0.16000,
,,,0.009326000000,   0.24000,
,,,0.009328000000,   0.24000,
,,,0.009330000000,   0.24000,
,,,0.009332000000,   0.16000,
,,,0.009334000000,   0.16000,
,,,0.009336000000,   0.16000,
,,,0.009338000000,   0.16000,
,,,0.009340000000,   0.24000,
,,,0.009342000000,   0.24000,
,,,0.009344000000,   0.24000,
,,,0.009346000000,   0.16000,
,,,0.009348000000,   0.16000,
,,,0.009350000000,   0.16000,
,,,0.009352000000,   0.16000,
,,,0.009354000000,   0.16000,
,,,0.009356000000,   0.24000,
,,,0.009358000000,   0.24000,
,,,0.009360000000,   0.24000,
,,,0.009362000000,   0.16000,
,,,0.009364000000,   0.16000,
,,,0.009366000000,   0.16000,
,,,0.009368000000,   0.16000,
,,,0.009370000000,   0.16000,
,,,0.009372000000,   0.24000,
,,,0.009374000000,   0.24000,
,,,0.009376000000,   0.16000,
,,,0.009378000000,   0.24000,
,,,0.009380000000,   0.16000,
,,,0.009382000000,   0.16000,
,,,0.009384000000,   0.16000,
,,,0.009386000000,   0.08000,
,,,0.009388000000,   0.24000,
,,,0.009390000000,   0.16000,
,,,0.009392000000,   0.16000,
,,,0.009394000000,   0.16000,
,,,0.009396000000,   0.24000,
,,,0.009398000000,   0.24000,
,,,0.009400000000,   0.16000,
,,,0.009402000000,   0.24000,
,,,0.009404000000,   0.16000,
,,,0.009406000000,   0.24000,
,,,0.009408000000,   0.16000,
,,,0.009410000000,   0.24000,
,,,0.009412000000,   0.16000,
,,,0.009414000000,   0.24000,
,,,0.009416000000,   0.16000,
,,,0.009418000000,   0.16000,
,,,0.009420000000,   0.16000,
,,,0.009422000000,   0.16000,
,,,0.009424000000,   0.16000,
,,,0.009426000000,   0.24000,
,,,0.009428000000,   0.16000,
,,,0.009430000000,   0.16000,
,,,0.009432000000,   0.16000,
,,,0.009434000000,   0.24000,
,,,0.009436000000,   0.24000,
,,,0.009438000000,   0.24000,
,,,0.009440000000,   0.16000,
,,,0.009442000000,   0.16000,
,,,0.009444000000,   0.24000,
,,,0.009446000000,   0.16000,
,,,0.009448000000,   0.24000,
,,,0.009450000000,   0.16000,
,,,0.009452000000,   0.16000,
,,,0.009454000000,   0.16000,
,,,0.009456000000,   0.24000,
,,,0.009458000000,   0.24000,
,,,0.009460000000,   0.16000,
,,,0.009462000000,   0.16000,
,,,0.009464000000,   0.16000,
,,,0.009466000000,   0.24000,
,,,0.009468000000,   0.16000,
,,,0.009470000000,   0.16000,
,,,0.009472000000,   0.16000,
,,,0.009474000000,   0.16000,
,,,0.009476000000,   0.24000,
,,,0.009478000000,   0.16000,
,,,0.009480000000,   0.24000,
,,,0.009482000000,   0.24000,
,,,0.009484000000,   0.24000,
,,,0.009486000000,   0.16000,
,,,0.009488000000,   0.24000,
,,,0.009490000000,   0.24000,
,,,0.009492000000,   0.24000,
,,,0.009494000000,   0.16000,
,,,0.009496000000,   0.24000,
,,,0.009498000000,   0.16000,
,,,0.009500000000,   0.24000,
,,,0.009502000000,   0.24000,
,,,0.009504000000,   0.16000,
,,,0.009506000000,   0.24000,
,,,0.009508000000,   0.16000,
,,,0.009510000000,   0.16000,
,,,0.009512000000,   0.16000,
,,,0.009514000000,   0.16000,
,,,0.009516000000,   0.24000,
,,,0.009518000000,   0.24000,
,,,0.009520000000,   0.24000,
,,,0.009522000000,   0.24000,
,,,0.009524000000,   0.24000,
,,,0.009526000000,   0.16000,
,,,0.009528000000,   0.16000,
,,,0.009530000000,   0.24000,
,,,0.009532000000,   0.24000,
,,,0.009534000000,   0.24000,
,,,0.009536000000,   0.24000,
,,,0.009538000000,   0.16000,
,,,0.009540000000,   0.24000,
,,,0.009542000000,   0.24000,
,,,0.009544000000,   0.24000,
,,,0.009546000000,   0.24000,
,,,0.009548000000,   0.16000,
,,,0.009550000000,   0.16000,
,,,0.009552000000,   0.16000,
,,,0.009554000000,   0.24000,
,,,0.009556000000,   0.24000,
,,,0.009558000000,   0.24000,
,,,0.009560000000,   0.24000,
,,,0.009562000000,   0.16000,
,,,0.009564000000,   0.24000,
,,,0.009566000000,   0.24000,
,,,0.009568000000,   0.16000,
,,,0.009570000000,   0.16000,
,,,0.009572000000,   0.24000,
,,,0.009574000000,   0.24000,
,,,0.009576000000,   0.24000,
,,,0.009578000000,   0.24000,
,,,0.009580000000,   0.16000,
,,,0.009582000000,   0.24000,
,,,0.009584000000,   0.24000,
,,,0.009586000000,   0.24000,
,,,0.009588000000,   0.24000,
,,,0.009590000000,   0.24000,
,,,0.009592000000,   0.24000,
,,,0.009594000000,   0.24000,
,,,0.009596000000,   0.24000,
,,,0.009598000000,   0.24000,
,,,0.009600000000,   0.24000,
,,,0.009602000000,   0.24000,
,,,0.009604000000,   0.24000,
,,,0.009606000000,   0.24000,
,,,0.009608000000,   0.24000,
,,,0.009610000000,   0.24000,
,,,0.009612000000,   0.24000,
,,,0.009614000000,   0.24000,
,,,0.009616000000,   0.24000,
,,,0.009618000000,   0.24000,
,,,0.009620000000,   0.24000,
,,,0.009622000000,   0.16000,
,,,0.009624000000,   0.24000,
,,,0.009626000000,   0.24000,
,,,0.009628000000,   0.24000,
,,,0.009630000000,   0.24000,
,,,0.009632000000,   0.24000,
,,,0.009634000000,   0.24000,
,,,0.009636000000,   0.24000,
,,,0.009638000000,   0.24000,
,,,0.009640000000,   0.16000,
,,,0.009642000000,   0.24000,
,,,0.009644000000,   0.16000,
,,,0.009646000000,   0.24000,
,,,0.009648000000,   0.24000,
,,,0.009650000000,   0.24000,
,,,0.009652000000,   0.24000,
,,,0.009654000000,   0.24000,
,,,0.009656000000,   0.24000,
,,,0.009658000000,   0.24000,
,,,0.009660000000,   0.24000,
,,,0.009662000000,   0.24000,
,,,0.009664000000,   0.24000,
,,,0.009666000000,   0.24000,
,,,0.009668000000,   0.24000,
,,,0.009670000000,   0.24000,
,,,0.009672000000,   0.16000,
,,,0.009674000000,   0.24000,
,,,0.009676000000,   0.16000,
,,,0.009678000000,   0.24000,
,,,0.009680000000,   0.24000,
,,,0.009682000000,   0.24000,
,,,0.009684000000,   0.24000,
,,,0.009686000000,   0.24000,
,,,0.009688000000,   0.24000,
,,,0.009690000000,   0.24000,
,,,0.009692000000,   0.16000,
,,,0.009694000000,   0.24000,
,,,0.009696000000,   0.24000,
,,,0.009698000000,   0.24000,
,,,0.009700000000,   0.24000,
,,,0.009702000000,   0.24000,
,,,0.009704000000,   0.24000,
,,,0.009706000000,   0.24000,
,,,0.009708000000,   0.24000,
,,,0.009710000000,   0.24000,
,,,0.009712000000,   0.24000,
,,,0.009714000000,   0.24000,
,,,0.009716000000,   0.24000,
,,,0.009718000000,   0.24000,
,,,0.009720000000,   0.24000,
,,,0.009722000000,   0.16000,
,,,0.009724000000,   0.24000,
,,,0.009726000000,   0.24000,
,,,0.009728000000,   0.32000,
,,,0.009730000000,   0.24000,
,,,0.009732000000,   0.24000,
,,,0.009734000000,   0.24000,
,,,0.009736000000,   0.24000,
,,,0.009738000000,   0.24000,
,,,0.009740000000,   0.16000,
,,,0.009742000000,   0.24000,
,,,0.009744000000,   0.24000,
,,,0.009746000000,   0.24000,
,,,0.009748000000,   0.24000,
,,,0.009750000000,   0.24000,
,,,0.009752000000,   0.24000,
,,,0.009754000000,   0.24000,
,,,0.009756000000,   0.24000,
,,,0.009758000000,   0.24000,
,,,0.009760000000,   0.24000,
,,,0.009762000000,   0.24000,
,,,0.009764000000,   0.24000,
,,,0.009766000000,   0.24000,
,,,0.009768000000,   0.24000,
,,,0.009770000000,   0.24000,
,,,0.009772000000,   0.24000,
,,,0.009774000000,   0.24000,
,,,0.009776000000,   0.32000,
,,,0.009778000000,   0.24000,
,,,0.009780000000,   0.24000,
,,,0.009782000000,   0.24000,
,,,0.009784000000,   0.16000,
,,,0.009786000000,   0.24000,
,,,0.009788000000,   0.24000,
,,,0.009790000000,   0.24000,
,,,0.009792000000,   0.24000,
,,,0.009794000000,   0.24000,
,,,0.009796000000,   0.24000,
,,,0.009798000000,   0.16000,
,,,0.009800000000,   0.24000,
,,,0.009802000000,   0.24000,
,,,0.009804000000,   0.24000,
,,,0.009806000000,   0.24000,
,,,0.009808000000,   0.24000,
,,,0.009810000000,   0.24000,
,,,0.009812000000,   0.24000,
,,,0.009814000000,   0.24000,
,,,0.009816000000,   0.24000,
,,,0.009818000000,   0.24000,
,,,0.009820000000,   0.24000,
,,,0.009822000000,   0.24000,
,,,0.009824000000,   0.24000,
,,,0.009826000000,   0.24000,
,,,0.009828000000,   0.24000,
,,,0.009830000000,   0.24000,
,,,0.009832000000,   0.24000,
,,,0.009834000000,   0.24000,
,,,0.009836000000,   0.24000,
,,,0.009838000000,   0.24000,
,,,0.009840000000,   0.24000,
,,,0.009842000000,   0.24000,
,,,0.009844000000,   0.24000,
,,,0.009846000000,   0.24000,
,,,0.009848000000,   0.24000,
,,,0.009850000000,   0.24000,
,,,0.009852000000,   0.24000,
,,,0.009854000000,   0.24000,
,,,0.009856000000,   0.24000,
,,,0.009858000000,   0.16000,
,,,0.009860000000,   0.24000,
,,,0.009862000000,   0.24000,
,,,0.009864000000,   0.24000,
,,,0.009866000000,   0.24000,
,,,0.009868000000,   0.24000,
,,,0.009870000000,   0.24000,
,,,0.009872000000,   0.24000,
,,,0.009874000000,   0.24000,
,,,0.009876000000,   0.24000,
,,,0.009878000000,   0.24000,
,,,0.009880000000,   0.24000,
,,,0.009882000000,   0.24000,
,,,0.009884000000,   0.24000,
,,,0.009886000000,   0.24000,
,,,0.009888000000,   0.24000,
,,,0.009890000000,   0.24000,
,,,0.009892000000,   0.24000,
,,,0.009894000000,   0.24000,
,,,0.009896000000,   0.24000,
,,,0.009898000000,   0.24000,
,,,0.009900000000,   0.24000,
,,,0.009902000000,   0.24000,
,,,0.009904000000,   0.24000,
,,,0.009906000000,   0.24000,
,,,0.009908000000,   0.24000,
,,,0.009910000000,   0.24000,
,,,0.009912000000,   0.24000,
,,,0.009914000000,   0.24000,
,,,0.009916000000,   0.24000,
,,,0.009918000000,   0.24000,
,,,0.009920000000,   0.32000,
,,,0.009922000000,   0.24000,
,,,0.009924000000,   0.24000,
,,,0.009926000000,   0.24000,
,,,0.009928000000,   0.24000,
,,,0.009930000000,   0.24000,
,,,0.009932000000,   0.24000,
,,,0.009934000000,   0.24000,
,,,0.009936000000,   0.24000,
,,,0.009938000000,   0.24000,
,,,0.009940000000,   0.24000,
,,,0.009942000000,   0.24000,
,,,0.009944000000,   0.24000,
,,,0.009946000000,   0.24000,
,,,0.009948000000,   0.24000,
,,,0.009950000000,   0.24000,
,,,0.009952000000,   0.24000,
,,,0.009954000000,   0.24000,
,,,0.009956000000,   0.24000,
,,,0.009958000000,   0.24000,
,,,0.009960000000,   0.24000,
,,,0.009962000000,   0.16000,
,,,0.009964000000,   0.24000,
,,,0.009966000000,   0.16000,
,,,0.009968000000,   0.24000,
,,,0.009970000000,   0.24000,
,,,0.009972000000,   0.24000,
,,,0.009974000000,   0.24000,
,,,0.009976000000,   0.24000,
,,,0.009978000000,   0.16000,
,,,0.009980000000,   0.24000,
,,,0.009982000000,   0.24000,
,,,0.009984000000,   0.16000,
,,,0.009986000000,   0.24000,
,,,0.009988000000,   0.24000,
,,,0.009990000000,   0.24000,
,,,0.009992000000,   0.24000,
,,,0.009994000000,   0.24000,
,,,0.009996000000,   0.16000,
,,,0.009998000000,   0.24000,
,,,0.010000000000,   0.24000,
,,,0.010002000000,   0.24000,
,,,0.010004000000,   0.24000,
,,,0.010006000000,   0.24000,
,,,0.010008000000,   0.16000,
,,,0.010010000000,   0.16000,
,,,0.010012000000,   0.24000,
,,,0.010014000000,   0.24000,
,,,0.010016000000,   0.16000,
,,,0.010018000000,   0.24000,
,,,0.010020000000,   0.16000,
,,,0.010022000000,   0.24000,
,,,0.010024000000,   0.24000,
,,,0.010026000000,   0.24000,
,,,0.010028000000,   0.24000,
,,,0.010030000000,   0.24000,
,,,0.010032000000,   0.24000,
,,,0.010034000000,   0.24000,
,,,0.010036000000,   0.24000,
,,,0.010038000000,   0.24000,
,,,0.010040000000,   0.24000,
,,,0.010042000000,   0.24000,
,,,0.010044000000,   0.24000,
,,,0.010046000000,   0.24000,
,,,0.010048000000,   0.24000,
,,,0.010050000000,   0.24000,
,,,0.010052000000,   0.24000,
,,,0.010054000000,   0.24000,
,,,0.010056000000,   0.24000,
,,,0.010058000000,   0.16000,
,,,0.010060000000,   0.24000,
,,,0.010062000000,   0.24000,
,,,0.010064000000,   0.24000,
,,,0.010066000000,   0.24000,
,,,0.010068000000,   0.24000,
,,,0.010070000000,   0.24000,
,,,0.010072000000,   0.24000,
,,,0.010074000000,   0.24000,
,,,0.010076000000,   0.24000,
,,,0.010078000000,   0.24000,
,,,0.010080000000,   0.24000,
,,,0.010082000000,   0.24000,
,,,0.010084000000,   0.24000,
,,,0.010086000000,   0.24000,
,,,0.010088000000,   0.24000,
,,,0.010090000000,   0.24000,
,,,0.010092000000,   0.24000,
,,,0.010094000000,   0.24000,
,,,0.010096000000,   0.24000,
,,,0.010098000000,   0.24000,
,,,0.010100000000,   0.24000,
,,,0.010102000000,   0.24000,
,,,0.010104000000,   0.24000,
,,,0.010106000000,   0.24000,
,,,0.010108000000,   0.24000,
,,,0.010110000000,   0.24000,
,,,0.010112000000,   0.24000,
,,,0.010114000000,   0.24000,
,,,0.010116000000,   0.24000,
,,,0.010118000000,   0.24000,
,,,0.010120000000,   0.24000,
,,,0.010122000000,   0.24000,
,,,0.010124000000,   0.24000,
,,,0.010126000000,   0.24000,
,,,0.010128000000,   0.16000,
,,,0.010130000000,   0.24000,
,,,0.010132000000,   0.24000,
,,,0.010134000000,   0.24000,
,,,0.010136000000,   0.24000,
,,,0.010138000000,   0.24000,
,,,0.010140000000,   0.24000,
,,,0.010142000000,   0.24000,
,,,0.010144000000,   0.24000,
,,,0.010146000000,   0.24000,
,,,0.010148000000,   0.24000,
,,,0.010150000000,   0.24000,
,,,0.010152000000,   0.24000,
,,,0.010154000000,   0.24000,
,,,0.010156000000,   0.24000,
,,,0.010158000000,   0.24000,
,,,0.010160000000,   0.24000,
,,,0.010162000000,   0.24000,
,,,0.010164000000,   0.16000,
,,,0.010166000000,   0.24000,
,,,0.010168000000,   0.24000,
,,,0.010170000000,   0.24000,
,,,0.010172000000,   0.24000,
,,,0.010174000000,   0.24000,
,,,0.010176000000,   0.24000,
,,,0.010178000000,   0.24000,
,,,0.010180000000,   0.24000,
,,,0.010182000000,   0.24000,
,,,0.010184000000,   0.24000,
,,,0.010186000000,   0.24000,
,,,0.010188000000,   0.24000,
,,,0.010190000000,   0.24000,
,,,0.010192000000,   0.16000,
,,,0.010194000000,   0.24000,
,,,0.010196000000,   0.24000,
,,,0.010198000000,   0.24000,
,,,0.010200000000,   0.24000,
,,,0.010202000000,   0.24000,
,,,0.010204000000,   0.24000,
,,,0.010206000000,   0.24000,
,,,0.010208000000,   0.24000,
,,,0.010210000000,   0.24000,
,,,0.010212000000,   0.24000,
,,,0.010214000000,   0.24000,
,,,0.010216000000,   0.24000,
,,,0.010218000000,   0.24000,
,,,0.010220000000,   0.24000,
,,,0.010222000000,   0.24000,
,,,0.010224000000,   0.24000,
,,,0.010226000000,   0.24000,
,,,0.010228000000,   0.24000,
,,,0.010230000000,   0.24000,
,,,0.010232000000,   0.16000,
,,,0.010234000000,   0.16000,
,,,0.010236000000,   0.16000,
,,,0.010238000000,   0.24000,
,,,0.010240000000,   0.24000,
,,,0.010242000000,   0.24000,
,,,0.010244000000,   0.24000,
,,,0.010246000000,   0.24000,
,,,0.010248000000,   0.24000,
,,,0.010250000000,   0.24000,
,,,0.010252000000,   0.24000,
,,,0.010254000000,   0.24000,
,,,0.010256000000,   0.16000,
,,,0.010258000000,   0.24000,
,,,0.010260000000,   0.24000,
,,,0.010262000000,   0.24000,
,,,0.010264000000,   0.24000,
,,,0.010266000000,   0.24000,
,,,0.010268000000,   0.24000,
,,,0.010270000000,   0.24000,
,,,0.010272000000,   0.24000,
,,,0.010274000000,   0.24000,
,,,0.010276000000,   0.24000,
,,,0.010278000000,   0.24000,
,,,0.010280000000,   0.24000,
,,,0.010282000000,   0.24000,
,,,0.010284000000,   0.24000,
,,,0.010286000000,   0.24000,
,,,0.010288000000,   0.24000,
,,,0.010290000000,   0.24000,
,,,0.010292000000,   0.24000,
,,,0.010294000000,   0.24000,
,,,0.010296000000,   0.24000,
,,,0.010298000000,   0.24000,
,,,0.010300000000,   0.16000,
,,,0.010302000000,   0.24000,
,,,0.010304000000,   0.24000,
,,,0.010306000000,   0.24000,
,,,0.010308000000,   0.16000,
,,,0.010310000000,   0.16000,
,,,0.010312000000,   0.24000,
,,,0.010314000000,   0.24000,
,,,0.010316000000,   0.24000,
,,,0.010318000000,   0.24000,
,,,0.010320000000,   0.16000,
,,,0.010322000000,   0.24000,
,,,0.010324000000,   0.24000,
,,,0.010326000000,   0.16000,
,,,0.010328000000,   0.24000,
,,,0.010330000000,   0.24000,
,,,0.010332000000,   0.24000,
,,,0.010334000000,   0.24000,
,,,0.010336000000,   0.24000,
,,,0.010338000000,   0.24000,
,,,0.010340000000,   0.24000,
,,,0.010342000000,   0.24000,
,,,0.010344000000,   0.24000,
,,,0.010346000000,   0.24000,
,,,0.010348000000,   0.24000,
,,,0.010350000000,   0.24000,
,,,0.010352000000,   0.16000,
,,,0.010354000000,   0.24000,
,,,0.010356000000,   0.24000,
,,,0.010358000000,   0.24000,
,,,0.010360000000,   0.24000,
,,,0.010362000000,   0.24000,
,,,0.010364000000,   0.24000,
,,,0.010366000000,   0.16000,
,,,0.010368000000,   0.24000,
,,,0.010370000000,   0.24000,
,,,0.010372000000,   0.24000,
,,,0.010374000000,   0.24000,
,,,0.010376000000,   0.24000,
,,,0.010378000000,   0.24000,
,,,0.010380000000,   0.24000,
,,,0.010382000000,   0.24000,
,,,0.010384000000,   0.24000,
,,,0.010386000000,   0.24000,
,,,0.010388000000,   0.24000,
,,,0.010390000000,   0.24000,
,,,0.010392000000,   0.24000,
,,,0.010394000000,   0.24000,
,,,0.010396000000,   0.24000,
,,,0.010398000000,   0.24000,
,,,0.010400000000,   0.24000,
,,,0.010402000000,   0.24000,
,,,0.010404000000,   0.24000,
,,,0.010406000000,   0.24000,
,,,0.010408000000,   0.24000,
,,,0.010410000000,   0.24000,
,,,0.010412000000,   0.24000,
,,,0.010414000000,   0.24000,
,,,0.010416000000,   0.24000,
,,,0.010418000000,   0.16000,
,,,0.010420000000,   0.24000,
,,,0.010422000000,   0.24000,
,,,0.010424000000,   0.24000,
,,,0.010426000000,   0.24000,
,,,0.010428000000,   0.24000,
,,,0.010430000000,   0.24000,
,,,0.010432000000,   0.24000,
,,,0.010434000000,   0.24000,
,,,0.010436000000,   0.24000,
,,,0.010438000000,   0.24000,
,,,0.010440000000,   0.16000,
,,,0.010442000000,   0.16000,
,,,0.010444000000,   0.24000,
,,,0.010446000000,   0.24000,
,,,0.010448000000,   0.24000,
,,,0.010450000000,   0.32000,
,,,0.010452000000,   0.24000,
,,,0.010454000000,   0.24000,
,,,0.010456000000,   0.24000,
,,,0.010458000000,   0.24000,
,,,0.010460000000,   0.24000,
,,,0.010462000000,   0.24000,
,,,0.010464000000,   0.24000,
,,,0.010466000000,   0.24000,
,,,0.010468000000,   0.24000,
,,,0.010470000000,   0.24000,
,,,0.010472000000,   0.16000,
,,,0.010474000000,   0.24000,
,,,0.010476000000,   0.24000,
,,,0.010478000000,   0.16000,
,,,0.010480000000,   0.24000,
,,,0.010482000000,   0.24000,
,,,0.010484000000,   0.24000,
,,,0.010486000000,   0.24000,
,,,0.010488000000,   0.24000,
,,,0.010490000000,   0.24000,
,,,0.010492000000,   0.16000,
,,,0.010494000000,   0.24000,
,,,0.010496000000,   0.24000,
,,,0.010498000000,   0.24000,
,,,0.010500000000,   0.24000,
,,,0.010502000000,   0.24000,
,,,0.010504000000,   0.24000,
,,,0.010506000000,   0.24000,
,,,0.010508000000,   0.24000,
,,,0.010510000000,   0.24000,
,,,0.010512000000,   0.24000,
,,,0.010514000000,   0.24000,
,,,0.010516000000,   0.24000,
,,,0.010518000000,   0.24000,
,,,0.010520000000,   0.24000,
,,,0.010522000000,   0.24000,
,,,0.010524000000,   0.24000,
,,,0.010526000000,   0.24000,
,,,0.010528000000,   0.24000,
,,,0.010530000000,   0.24000,
,,,0.010532000000,   0.24000,
,,,0.010534000000,   0.24000,
,,,0.010536000000,   0.24000,
,,,0.010538000000,   0.24000,
,,,0.010540000000,   0.24000,
,,,0.010542000000,   0.24000,
,,,0.010544000000,   0.24000,
,,,0.010546000000,   0.24000,
,,,0.010548000000,   0.24000,
,,,0.010550000000,   0.24000,
,,,0.010552000000,   0.24000,
,,,0.010554000000,   0.24000,
,,,0.010556000000,   0.24000,
,,,0.010558000000,   0.24000,
,,,0.010560000000,   0.24000,
,,,0.010562000000,   0.16000,
,,,0.010564000000,   0.24000,
,,,0.010566000000,   0.24000,
,,,0.010568000000,   0.16000,
,,,0.010570000000,   0.16000,
,,,0.010572000000,   0.24000,
,,,0.010574000000,   0.24000,
,,,0.010576000000,   0.16000,
,,,0.010578000000,   0.24000,
